subset,cell,chemistry,flags,severity,knee_rank_spread,curv_rank_spread,knee_lifefrac_gap_obs_vs_proc,n_total,n_measured,n_extrapolated,extrap_frac,pchip_changed,eol_cycle,soh_first,soh_last,knee_curvature_max_lifefrac,knee_bilinear_lifefrac,knee_tangent_cross_lifefrac
SNL,SNL_18650_NCA_15C_0-100_0.5-1C_b.pkl,NCA,curv_rank_spread>=0.7,0.9792,0.6462,0.9792,0.0201,632,632,0,0.0,1,632.0,0.9864583333333333,0.7999999999999998,0.8639240506329114,0.35830338400865086,0.4115485149463344
ISU_ILCC,ISU-ILCC_G52C3.pkl,NMC,knee_rank_spread>=0.7,0.9756,0.9756,0.5858,0.0,661,661,0,0.0,0,661.0,0.9963499154748888,0.7907559844610589,0.9485627836611196,0.1374877412782521,0.10223416987823246
MATR,MATR_b4c36.pkl,LFP,knee_rank_spread>=0.7;curv_rank_spread>=0.7,0.9709,0.9709,0.75,0.0,599,599,0,0.0,0,599.0,0.9629059090909091,0.799713409090909,0.05008347245409015,0.8640464425634015,0.7643385417300367
XJTU,XJTU_3C_battery-12.pkl,NMC,curv_rank_spread>=0.7,0.965,0.1242,0.965,0.0,211,211,0,0.0,0,211.0,0.8965,0.799,0.23222748815165878,0.6324037247850628,0.5179715218740432
RWTH,RWTH_026.pkl,NMC,curv_rank_spread>=0.7,0.9642,0.6297,0.9642,0.004,579,579,0,0.0,1,583.0,0.957275839207564,0.7973465873562944,0.8627787307032591,0.3784548816121775,0.3679231327875872
CALB,CALB_45_B256.pkl,NMC,knee_rank_spread>=0.7,0.964,0.964,0.0367,0.0,986,986,0,0.0,0,986.0,1.0,0.8813683679780235,0.9482758620689655,0.1491050587623717,0.3498715161192755
MATR,MATR_b3c39.pkl,LFP,knee_rank_spread>=0.7,0.9593,0.9593,0.595,0.0,1155,1154,1,0.000866,0,1155.0,0.9521850909090909,0.8,0.050216450216450215,0.8679536209184451,0.7608199135019154
SNL,SNL_18650_NMC_25C_0-100_0.5-0.5C_b.pkl,NMC,knee_rank_spread>=0.7;curv_rank_spread>=0.7,0.9575,0.725,0.9575,0.0,506,506,0,0.0,1,506.0,0.9966666666666667,0.7996666666666666,0.6007905138339921,0.13387590124535723,0.2341657800711573
SNL,SNL_18650_NMC_25C_0-100_0.5-1C_b.pkl,NMC,knee_rank_spread>=0.7;curv_rank_spread>=0.7,0.9575,0.7903,0.9575,0.0,468,468,0,0.0,1,468.0,0.9226666666666666,0.7999999999999999,0.8525641025641025,0.22627990379246662,0.31119627491996976
XJTU,XJTU_3C_battery-11.pkl,NMC,curv_rank_spread>=0.7,0.9567,0.0589,0.9567,0.0,130,130,0,0.0,0,130.0,0.9,0.798,0.27692307692307694,0.5656783919597991,0.52585013103361
RWTH,RWTH_027.pkl,NMC,knee_rank_spread>=0.7;curv_rank_spread>=0.7;observed_vs_processed_kneefrac>=0.05,0.9558,0.806,0.9558,0.1124,585,585,0,0.0,1,589.0,0.9571085374967668,0.7999521954554226,0.9422750424448217,0.25804574655962326,0.37786416974842246
SNL,SNL_18650_NMC_25C_0-100_0.5-3C_a.pkl,NMC,curv_rank_spread>=0.7,0.9558,0.5634,0.9558,0.0,422,422,0,0.0,1,422.0,0.9583333333333334,0.8140000000000001,0.466824644549763,0.15828074019386032,0.27949515228667665
SNL,SNL_18650_NMC_35C_0-100_0.5-2C_b.pkl,NMC,knee_rank_spread>=0.7;curv_rank_spread>=0.7,0.9525,0.7679,0.9525,0.004,566,566,0,0.0,1,566.0,0.9256666666666667,0.7999999999999999,0.7667844522968198,0.1938890565903724,0.3056598519450708
XJTU,XJTU_3C_battery-13.pkl,NMC,curv_rank_spread>=0.7,0.9525,0.1325,0.9525,0.0,225,225,0,0.0,0,225.0,0.9005,0.7995,0.18666666666666668,0.6282925739810161,0.5191873703971709
XJTU,XJTU_3C_battery-14.pkl,NMC,curv_rank_spread>=0.7,0.945,0.0548,0.945,0.0,146,146,0,0.0,0,146.0,0.897,0.797,0.2534246575342466,0.5852722516693055,0.5227120463624376
Stanford_2,Stanford_Nova_Regular_309.pkl,NMC,knee_rank_spread>=0.7,0.9436,0.9436,0.2717,0.0,758,758,0,0.0,0,758.0,1.0162526741623878,0.7995143532752991,0.9155672823218998,0.3982823086408296,0.08215050342347004
MATR,MATR_b4c31.pkl,LFP,knee_rank_spread>=0.7;curv_rank_spread>=0.7,0.9415,0.9415,0.7967,0.0,559,559,0,0.0,0,559.0,0.9560879999999999,0.7982993636363636,0.05008944543828265,0.8480110750532629,0.7527933011865093
XJTU,XJTU_3C_battery-9.pkl,NMC,curv_rank_spread>=0.7,0.9383,0.0707,0.9383,0.0,286,286,0,0.0,0,286.0,0.901,0.7985,0.15734265734265734,0.5478177601293179,0.48258408941825526
ZN-coin,ZN-coin_418-1_20231209234141_11_1.pkl,MnO2,curv_rank_spread>=0.7,0.9375,0.2585,0.9375,0.0,103,103,0,0.0,0,103.0,0.998472270937393,0.7911405137674301,0.2524271844660194,0.7496901985656439,0.6755167604434711
XJTU,XJTU_3C_battery-8.pkl,NMC,curv_rank_spread>=0.7,0.935,0.3923,0.935,0.0,269,269,0,0.0,0,269.0,0.9315,0.798,0.2825278810408922,0.8002428499374195,0.5783354093115324
ISU_ILCC,ISU-ILCC_G57C4.pkl,NMC,knee_rank_spread>=0.7,0.9339,0.9339,0.2017,0.0,4904,4904,0,0.0,0,4904.0,0.9859694340375736,0.7988266190117657,0.9333197389885808,0.21272338445899974,0.13350609160763
XJTU,XJTU_3C_battery-10.pkl,NMC,curv_rank_spread>=0.7,0.9325,0.0261,0.9325,0.0,163,163,0,0.0,0,163.0,0.905,0.7995,0.22085889570552147,0.5370287017911645,0.49767924446732725
ISU_ILCC,ISU-ILCC_G56C4.pkl,NMC,knee_rank_spread>=0.7,0.9308,0.9308,0.4092,0.0,1010,1010,0,0.0,0,1010.0,1.017000139213856,0.7991571403458549,0.9504950495049505,0.22940693566844125,0.18091625980265527
SNL,SNL_18650_NMC_25C_0-100_0.5-2C_a.pkl,NMC,knee_rank_spread>=0.7;curv_rank_spread>=0.7,0.9308,0.8575,0.9308,0.004,333,333,0,0.0,1,333.0,0.9763333333333333,0.7999999999999999,0.8138138138138138,0.14679101211764528,0.3739798712178938
Tongji,Tongji1_CY45-05_1--16.pkl,NCA,curv_rank_spread>=0.7,0.9308,0.5869,0.9308,0.0,219,219,0,0.0,0,220.0,0.9602588343261717,1.0642029547740741,0.9454545454545454,0.5423892188213796,0.5332073813706174
SNL,SNL_18650_NMC_35C_0-100_0.5-1C_a.pkl,NMC,knee_rank_spread>=0.7;curv_rank_spread>=0.7,0.93,0.8014,0.93,0.004,500,500,0,0.0,1,500.0,0.9403333333333334,0.8119999999999999,0.812,0.20210150753768846,0.33264762738609516
Tongji,Tongji1_CY45-05_1--13.pkl,NCA,curv_rank_spread>=0.7,0.9275,0.1975,0.9275,0.0,415,415,0,0.0,0,416.0,0.9545187794260366,0.7996758637258192,0.18028846153846154,0.24835475454194048,0.32620873958761265
SNL,SNL_18650_LFP_25C_0-100_0.5-3C_a.pkl,LFP,knee_rank_spread>=0.7,0.9274,0.9274,0.4533,0.004,3197,3197,0,0.0,1,3197.0,0.9418181818181818,0.7999999999999999,0.05067250547388177,0.6950702841703041,0.9720219713432092
MATR,MATR_b4c23.pkl,LFP,knee_rank_spread>=0.7;curv_rank_spread>=0.7,0.9264,0.9264,0.7083,0.0,1038,1038,0,0.0,0,1038.0,0.9530948181818182,0.7997156818181818,0.05009633911368015,0.8438691530872088,0.7550474555982695
XJTU,XJTU_3C_battery-15.pkl,NMC,curv_rank_spread>=0.7,0.9233,0.0313,0.9233,0.0,167,167,0,0.0,0,167.0,0.8935,0.799,0.2215568862275449,0.477019829687359,0.4801019958360431
MATR,MATR_b4c12.pkl,LFP,knee_rank_spread>=0.7;curv_rank_spread>=0.7,0.9195,0.9195,0.75,0.0,818,818,0,0.0,0,818.0,0.9620765454545452,0.7997349727272727,0.05012224938875306,0.8398944600754384,0.7448797038612309
Tongji,Tongji3_CY25-05_2--3.pkl,블렌드,knee_rank_spread>=0.7;curv_rank_spread>=0.7,0.9191,0.9191,0.7283,0.004,475,475,0,0.0,1,481.0,0.9880206893211811,0.79879599974056,0.8814968814968815,0.1357692830054639,0.22744339334713173
MATR,MATR_b3c44.pkl,LFP,knee_rank_spread>=0.7;curv_rank_spread>=0.7,0.9171,0.9171,0.745,0.0,939,938,1,0.001065,0,939.0,0.9724727272727272,0.8,0.05005324813631523,0.8358533883474883,0.7466606218534309
Tongji,Tongji2_CY25-05_1--17.pkl,NMC,knee_rank_spread>=0.7,0.9168,0.9168,0.3333,0.0,329,329,0,0.0,0,330.0,0.9210094848226298,0.7994851698018202,0.906060606060606,0.15739911679610175,0.1771870132189906
XJTU,XJTU_3C_battery-1.pkl,NMC,curv_rank_spread>=0.7,0.9158,0.2526,0.9158,0.0,298,298,0,0.0,0,298.0,0.933,0.7995,0.2181208053691275,0.7280513304778928,0.5666229770837002
XJTU,XJTU_3C_battery-2.pkl,NMC,curv_rank_spread>=0.7,0.9158,0.2845,0.9158,0.0,291,291,0,0.0,0,291.0,0.9415,0.7975,0.35051546391752575,0.7601236422663145,0.5696304511819489
XJTU,XJTU_3C_battery-6.pkl,NMC,curv_rank_spread>=0.7,0.91,0.2433,0.91,0.0,321,321,0,0.0,0,321.0,0.9305,0.797,0.17757009345794392,0.7039402620579533,0.5461831568829514
SNL,SNL_18650_NMC_25C_0-100_0.5-3C_b.pkl,NMC,knee_rank_spread>=0.7;curv_rank_spread>=0.7,0.9075,0.9045,0.9075,0.008,428,428,0,0.0,1,428.0,0.9303333333333333,0.7999999999999999,0.9439252336448598,0.23044545155684967,0.20050017743146492
ISU_ILCC,ISU-ILCC_G12C4.pkl,NMC,curv_rank_spread>=0.7,0.9042,0.3704,0.9042,0.0,1838,1838,0,0.0,0,1838.0,0.9846444907280288,0.7998292269674057,0.1953210010881393,0.12459714240407697,0.2061946158516968
SNL,SNL_18650_NMC_25C_0-100_0.5-3C_c.pkl,NMC,curv_rank_spread>=0.7,0.9017,0.4081,0.9017,0.0,602,602,0,0.0,1,602.0,0.9303333333333333,0.7999999999999999,0.33056478405315615,0.20985742666822485,0.263045362598196
RWTH,RWTH_049.pkl,NMC,knee_rank_spread>=0.7;curv_rank_spread>=0.7,0.8996,0.8996,0.7758,0.0201,675,675,0,0.0,1,680.0,0.9527288046624762,0.801099199336588,0.9102941176470588,0.18562148980195095,0.3202123576191054
Tongji,Tongji1_CY45-05_1--20.pkl,NCA,curv_rank_spread>=0.7,0.8992,0.2231,0.8992,0.0,409,409,0,0.0,0,410.0,0.9532630302396836,0.7997126936165356,0.3073170731707317,0.3444196592719696,0.3599642280636499
XJTU,XJTU_2C_battery-1.pkl,NMC,curv_rank_spread>=0.7,0.8975,0.6367,0.8975,0.0,389,389,0,0.0,0,389.0,0.9315,0.796,0.9485861182519281,0.49928046401674187,0.47116414428384074
XJTU,XJTU_3C_battery-5.pkl,NMC,curv_rank_spread>=0.7,0.8975,0.1971,0.8975,0.0,296,296,0,0.0,0,296.0,0.935,0.799,0.26013513513513514,0.7120314409887275,0.557752563479847
ISU_ILCC,ISU-ILCC_G28C3.pkl,NMC,knee_rank_spread>=0.7,0.8954,0.8954,0.6908,,597,597,0,0.0,0,597.0,0.9871328680383517,0.799983541177255,0.8693467336683417,,0.10826371555286299
MATR,MATR_b3c34.pkl,LFP,knee_rank_spread>=0.7,0.8937,0.8937,0.4683,0.0,1157,1156,1,0.000864,0,1157.0,0.965031818181818,0.8,0.05012964563526361,0.7956541566953176,0.7521555016031215
ISU_ILCC,ISU-ILCC_G51C1.pkl,NMC,curv_rank_spread>=0.7,0.8933,0.1326,0.8933,0.0,549,549,0,0.0,0,549.0,1.0213769462399913,0.7987652428308296,0.2040072859744991,0.3383932412517963,0.363300873095762
Tongji,Tongji2_CY35-05_1--2.pkl,NMC,knee_rank_spread>=0.7;curv_rank_spread>=0.7,0.893,0.893,0.825,0.0,580,580,0,0.0,0,592.0,0.9322662149889551,0.7982945752413503,0.9459459459459459,0.21121655575173165,0.28281074743919177
RWTH,RWTH_021.pkl,NMC,knee_rank_spread>=0.7;curv_rank_spread>=0.7,0.8917,0.7268,0.8917,0.0241,617,617,0,0.0,1,620.0,0.9646630522934858,0.7985166139158585,0.7580645161290323,0.24192818933376561,0.23170762626788824
MATR,MATR_b3c36.pkl,LFP,knee_rank_spread>=0.7,0.8916,0.8916,0.6375,0.0,922,921,1,0.001085,0,922.0,0.9613897272727272,0.8,0.0509761388286334,0.8639667971091902,0.7577780871074221
MATR,MATR_b4c5.pkl,LFP,knee_rank_spread>=0.7,0.8914,0.8914,0.6408,0.0,913,913,0,0.0,0,913.0,0.9429119090909089,0.7991379454545454,0.050383351588170866,0.8438897664665056,0.7571729048899216
Stanford_2,Stanford_Nova_Regular_304.pkl,NMC,knee_rank_spread>=0.7,0.8899,0.8899,0.2825,0.0,1019,1019,0,0.0,0,1019.0,1.0119947915275893,0.7993562147021294,0.8969578017664377,0.35791716186427724,0.16498739358725334
SNL,SNL_18650_NCA_25C_0-100_0.5-2C_b.pkl,NCA,curv_rank_spread>=0.7,0.8883,0.5378,0.8883,0.004,320,320,0,0.0,1,320.0,0.9165625,0.7996875,0.78125,0.4274230527638191,0.40021352333762883
RWTH,RWTH_046.pkl,NMC,curv_rank_spread>=0.7,0.8867,0.6158,0.8867,0.0201,579,579,0,0.0,1,582.0,0.9638938552578445,0.8019049682592432,0.5429553264604811,0.19786302647256906,0.28353145985540024
UL_PUR,UL-PUR_N10-EX9_18650_NCA_23C_0-100_0.5-0.5C_i.pkl,NCA,curv_rank_spread>=0.7;observed_vs_processed_kneefrac>=0.05,0.8867,0.1139,0.8867,0.0528,244,194,50,0.204918,0,244.0,0.9702941176470589,0.8117136222910217,0.10655737704918032,0.2518226377790592,0.29088716963474637
Stanford_2,Stanford_Nova_Regular_317.pkl,NMC,knee_rank_spread>=0.7,0.8864,0.8864,0.1942,0.0,802,802,0,0.0,0,802.0,1.0023037592569988,0.7995811601479849,0.92643391521197,0.4825555458088448,0.20754186052556328
RWTH,RWTH_009.pkl,NMC,knee_rank_spread>=0.7;curv_rank_spread>=0.7,0.884,0.884,0.8792,0.008,632,632,0,0.0,1,635.0,0.9562875118828508,0.7990045801878188,0.9417322834645669,0.342243500969414,0.22374086693885947
MATR,MATR_b3c33.pkl,LFP,knee_rank_spread>=0.7,0.8836,0.8836,0.5358,0.0,1283,1282,1,0.000779,0,1283.0,0.9638836363636364,0.8,0.05066250974279034,0.8478573694661931,0.7674392212494285
ISU_ILCC,ISU-ILCC_G48C2.pkl,NMC,knee_rank_spread>=0.7;curv_rank_spread>=0.7,0.8826,0.8826,0.7517,,620,620,0,0.0,0,620.0,1.0206915025330823,0.7988748097582439,0.8387096774193549,,0.08243535500081957
Stanford,Stanford_Nova_Regular_Ref_100.pkl,NMC,knee_rank_spread>=0.7,0.8812,0.8812,0.1492,0.0,668,668,0,0.0,0,668.0,1.0160093506177268,0.7991547385851543,0.9176646706586826,0.2057134474769055,0.48364909253492666
Tongji,Tongji1_CY45-05_1--8.pkl,NCA,curv_rank_spread>=0.7,0.8783,0.6352,0.8783,0.0,215,215,0,0.0,0,224.0,0.953499992292248,0.7968067691785249,0.9151785714285714,0.446693287867911,0.416288921717349
MATR,MATR_b4c32.pkl,LFP,knee_rank_spread>=0.7;curv_rank_spread>=0.7,0.8782,0.8782,0.7342,0.0,754,754,0,0.0,0,754.0,0.9589476363636363,0.7986154909090909,0.050397877984084884,0.8358963251269612,0.7458378851354927
ISU_ILCC,ISU-ILCC_G62C2.pkl,NMC,knee_rank_spread>=0.7,0.8768,0.8768,0.305,,876,876,0,0.0,0,876.0,1.0130703611294307,0.799481926618057,0.05136986301369863,,0.844187034528129
ISU_ILCC,ISU-ILCC_G43C3.pkl,NMC,knee_rank_spread>=0.7,0.8764,0.8764,0.5508,0.0,994,994,0,0.0,0,994.0,1.01327045857804,0.0,0.9486921529175051,0.22540317280567831,0.3190509328641449
Tongji,Tongji1_CY45-05_1--18.pkl,NCA,curv_rank_spread>=0.7,0.8758,0.5303,0.8758,0.0,322,322,0,0.0,0,323.0,0.9586758831950642,0.7996991033820837,0.6222910216718266,0.30932837562425136,0.3209557033367095
Tongji,Tongji1_CY45-05_1--22.pkl,NCA,knee_rank_spread>=0.7;curv_rank_spread>=0.7,0.8758,0.7621,0.8758,0.0,224,224,0,0.0,0,226.0,0.9590308288626149,0.7993205980402484,0.8938053097345132,0.26734557744474585,0.31311286045585696
XJTU,XJTU_3C_battery-3.pkl,NMC,curv_rank_spread>=0.7,0.8758,0.1694,0.8758,0.0,285,285,0,0.0,0,285.0,0.939,0.799,0.3684210526315789,0.7000511328572688,0.5681253114342494
RWTH,RWTH_036.pkl,NMC,knee_rank_spread>=0.7;curv_rank_spread>=0.7,0.875,0.813,0.875,0.0161,715,715,0,0.0,1,720.0,0.9596328076624803,0.8023848806813665,0.8652777777777778,0.21767099385817978,0.4114343771436856
RWTH,RWTH_048.pkl,NMC,curv_rank_spread>=0.7,0.875,0.3796,0.875,0.0201,626,626,0,0.0,1,629.0,0.9590335806756538,0.7986337784732797,0.27503974562798095,0.1937461552596049,0.2746598287089645
SNL,SNL_18650_NMC_25C_0-100_0.5-3C_d.pkl,NMC,knee_rank_spread>=0.7;curv_rank_spread>=0.7,0.8742,0.7314,0.8742,0.004,600,600,0,0.0,1,600.0,0.9306666666666666,0.7999999999999999,0.7516666666666667,0.20986180904522614,0.2658264347536453
Tongji,Tongji1_CY25-025_1--1.pkl,NCA,curv_rank_spread>=0.7,0.8733,0.4838,0.8733,0.0,300,300,0,0.0,0,301.0,0.9278963740124316,0.7995523298463463,0.8239202657807309,0.5452528422845122,
SNL,SNL_18650_NMC_35C_0-100_0.5-1C_c.pkl,NMC,curv_rank_spread>=0.7,0.87,0.632,0.87,0.0,637,637,0,0.0,1,637.0,0.9353333333333333,0.7999999999999999,0.5682888540031397,0.2057714001719745,0.2661769629569737
MATR,MATR_b4c41.pkl,LFP,knee_rank_spread>=0.7;curv_rank_spread>=0.7,0.8697,0.8697,0.7133,0.0,836,836,0,0.0,0,836.0,0.9603334545454544,0.7988744999999999,0.050239234449760764,0.8278443653675074,0.7446840139100578
RWTH,RWTH_047.pkl,NMC,curv_rank_spread>=0.7,0.8692,0.5744,0.8692,0.0201,632,632,0,0.0,1,635.0,0.9475205445463986,0.8005620122657625,0.4881889763779528,0.18972025481739407,0.2188688060245229
Tongji,Tongji1_CY25-1_1--4.pkl,NCA,curv_rank_spread>=0.7,0.8692,0.1675,0.8692,0.0,27,27,0,0.0,0,29.0,0.8760522109035146,0.747979668110468,0.20689655172413793,0.6710968636284872,0.6063797221757131
MATR,MATR_b3c3.pkl,LFP,knee_rank_spread>=0.7,0.8685,0.8685,0.555,0.0,1114,1113,1,0.000898,0,1114.0,0.9662629090909091,0.8,0.05026929982046679,0.8117269471234088,0.7500806458610725
Tongji,Tongji1_CY25-05_1--10.pkl,NCA,knee_rank_spread>=0.7,0.8676,0.8676,0.3125,0.0,174,174,0,0.0,0,175.0,0.9344872933211265,0.7968421953698152,0.05714285714285714,0.8733237616654703,
UL_PUR,UL-PUR_N10-NA7_18650_NCA_23C_0-100_0.5-0.5C_g.pkl,NCA,knee_rank_spread>=0.7,0.8663,0.8663,0.6908,0.0,164,164,0,0.0,0,164.0,0.8858823529411765,0.8002941176470588,0.8292682926829268,0.24133778649344284,0.10337802217998418
Stanford_2,Stanford_Nova_Regular_100.pkl,NMC,curv_rank_spread>=0.7,0.8658,0.362,0.8658,0.0,470,470,0,0.0,0,470.0,1.0407822827498119,0.7987873007853826,0.41702127659574467,0.795912541430557,0.7559419870145306
Tongji,Tongji2_CY35-05_1--4.pkl,NMC,curv_rank_spread>=0.7,0.8658,0.4683,0.8658,0.0,469,469,0,0.0,0,479.0,0.9252029053888812,0.7983655660750707,0.42379958246346555,0.21585065200742753,0.2807292770027945
UL_PUR,UL-PUR_N10-OV8_18650_NCA_23C_0-100_0.5-0.5C_h.pkl,NCA,curv_rank_spread>=0.7,0.8658,0.2262,0.8658,0.0325,222,191,31,0.13964,0,222.0,0.9691176470588235,0.8,0.2072072072072072,0.2441237720132193,0.2867948470736153
MATR,MATR_b4c21.pkl,LFP,knee_rank_spread>=0.7;curv_rank_spread>=0.7,0.8641,0.8641,0.7558,0.0,773,773,0,0.0,0,773.0,0.9593945454545454,0.7995928454545453,0.050452781371280724,0.8318760685705371,0.7379237828079938
Tongji,Tongji1_CY45-05_1--10.pkl,NCA,curv_rank_spread>=0.7,0.8633,0.5514,0.8633,0.0,334,334,0,0.0,0,348.0,0.9516865636405241,0.7965493359721062,0.5258620689655172,0.22508230809218507,0.26207553495953123
ZN-coin,ZN-coin_436-1_20231227204646_03_5.pkl,MnO2,curv_rank_spread>=0.7,0.8633,0.0,0.8633,,1402,1402,0,0.0,0,1402.0,1.0,0.7996903488084182,0.07560627674750357,,
MATR,MATR_b4c18.pkl,LFP,knee_rank_spread>=0.7,0.8632,0.8632,0.6708,0.0,906,906,0,0.0,0,906.0,0.9554094545454546,0.7992877727272727,0.05077262693156733,0.8438910889990794,0.7543967401462423
MATR,MATR_b4c7.pkl,LFP,knee_rank_spread>=0.7;curv_rank_spread>=0.7,0.8624,0.8624,0.8,0.0,529,529,0,0.0,0,529.0,0.956401,0.7997148727272727,0.05103969754253308,0.8480265220241093,0.7534838917696564
Tongji,Tongji1_CY45-05_1--5.pkl,NCA,curv_rank_spread>=0.7,0.8617,0.6835,0.8617,0.0164,216,199,17,0.078704,0,224.0,0.9549297685663517,0.8,0.84375,0.3112302584350323,0.3106196755500264
XJTU,XJTU_2C_battery-8.pkl,NMC,curv_rank_spread>=0.7,0.8617,0.0738,0.8617,0.0,418,418,0,0.0,0,418.0,0.9465,0.8,0.24401913875598086,0.43903368517227287,0.5055105662757109
ZN-coin,ZN-coin_442-2_20240104212424_09_2.pkl,MnO2,knee_rank_spread>=0.7,0.8599,0.8599,0.635,0.0,324,324,0,0.0,0,324.0,1.0,0.6410507373455335,0.9444444444444444,0.2350316396798809,0.2535627520869622
MATR,MATR_b4c16.pkl,LFP,knee_rank_spread>=0.7,0.8597,0.8597,0.6633,0.0,909,909,0,0.0,0,909.0,0.9608135454545454,0.7996275727272727,0.050605060506050605,0.8358591638058278,0.7530555923115001
RWTH,RWTH_004.pkl,NMC,curv_rank_spread>=0.7,0.8575,0.6165,0.8575,0.008,633,633,0,0.0,1,636.0,0.9314959165336651,0.8000763360954598,0.49056603773584906,0.38639344521348895,0.09115661207237188
MATR,MATR_b3c20.pkl,LFP,knee_rank_spread>=0.7;curv_rank_spread>=0.7,0.8574,0.8574,0.705,0.0,812,811,1,0.001232,0,812.0,0.9682274545454544,0.8,0.050492610837438424,0.8318656088323392,0.7518815357296627
Tongji,Tongji1_CY45-05_1--14.pkl,NCA,knee_rank_spread>=0.7;curv_rank_spread>=0.7,0.8567,0.8135,0.8567,0.0,433,433,0,0.0,0,434.0,0.9542405585596477,0.7995899771941655,0.9308755760368663,0.2722136025750874,0.28030785883780857
Tongji,Tongji2_CY35-05_1--1.pkl,NMC,curv_rank_spread>=0.7,0.8567,0.3794,0.8567,0.0,427,427,0,0.0,0,436.0,0.9162754613992753,0.7985662582197889,0.3486238532110092,0.23218154995159285,0.2917429535380779
Tongji,Tongji2_CY45-05_1--17.pkl,NMC,curv_rank_spread>=0.7,0.8567,0.5982,0.8567,0.0,425,425,0,0.0,0,426.0,0.9531167421734715,0.7997207677091475,0.5539906103286385,0.21625970226720456,0.29863905451932443
Tongji,Tongji2_CY45-05_1--23.pkl,NMC,curv_rank_spread>=0.7,0.8567,0.484,0.8567,0.0,433,433,0,0.0,0,435.0,0.9488807967650598,0.7994295495824033,0.46436781609195404,0.2241864494888234,0.2891612749637985
Tongji,Tongji1_CY25-05_1--6.pkl,NCA,knee_rank_spread>=0.7,0.8565,0.8565,0.3767,0.0,155,155,0,0.0,0,156.0,0.9324319717614953,0.7965126794852507,0.057692307692307696,0.7901623502126015,0.8905042322145971
MATR,MATR_b4c25.pkl,LFP,curv_rank_spread>=0.7,0.8558,0.6121,0.8558,0.0,453,453,0,0.0,0,453.0,0.9392684545454545,0.7998732545454544,0.13024282560706402,0.8400523589248673,0.729490757947098
Tongji,Tongji1_CY45-05_1--2.pkl,NCA,curv_rank_spread>=0.7,0.855,0.4832,0.855,0.0,404,404,0,0.0,0,421.0,0.9561567297808933,0.7955757712797624,0.4916864608076009,0.2723176452332923,0.2771925877156332
MATR,MATR_b4c4.pkl,LFP,knee_rank_spread>=0.7;curv_rank_spread>=0.7,0.8549,0.8549,0.715,0.0,656,656,0,0.0,0,656.0,0.9457486363636363,0.7997784272727272,0.053353658536585365,0.855998743718593,0.7565694617501598
ISU_ILCC,ISU-ILCC_G3C2.pkl,NMC,knee_rank_spread>=0.7,0.8545,0.8545,0.5117,0.0,456,456,0,0.0,0,456.0,0.9792467091787975,0.7993023681823359,0.8201754385964912,0.15412038261482858,0.4059204845678476
Stanford_2,Stanford_Nova_Regular_150.pkl,NMC,curv_rank_spread>=0.7,0.8542,0.0647,0.8542,0.0,469,469,0,0.0,0,469.0,1.0242479542891185,0.7998114451766014,0.8464818763326226,0.8239941712828536,0.7902002272092662
Tongji,Tongji1_CY45-05_1--11.pkl,NCA,curv_rank_spread>=0.7,0.8542,0.6037,0.8542,0.0,296,296,0,0.0,0,297.0,0.9532832832431181,0.7996348901776794,0.7205387205387206,0.2777608581628682,0.3090067773469213
Tongji,Tongji1_CY45-05_1--26.pkl,NCA,curv_rank_spread>=0.7,0.8542,0.5707,0.8542,0.0,355,355,0,0.0,0,356.0,0.9600234961411825,0.7995335621941273,0.5646067415730337,0.232976681158602,0.2682917621238773
MATR,MATR_b4c34.pkl,LFP,knee_rank_spread>=0.7,0.854,0.854,0.67,0.0,891,891,0,0.0,0,891.0,0.9547636363636364,0.7991609818181817,0.050505050505050504,0.83184722715711,0.7434808831241039
Tongji,Tongji2_CY45-05_1--18.pkl,NMC,curv_rank_spread>=0.7,0.8525,0.5142,0.8525,0.0,384,384,0,0.0,0,385.0,0.9452093106312781,0.7996940888394797,0.5116883116883116,0.2326502643085558,0.3017555464669283
MATR,MATR_b3c25.pkl,LFP,knee_rank_spread>=0.7;curv_rank_spread>=0.7,0.8523,0.8523,0.7025,0.0,989,987,2,0.002022,0,989.0,0.9646638181818181,0.8,0.05055611729019211,0.8318285055205249,0.7506631939071352
NA-ion,NA-ion_270040-3-8-49.pkl,미상,knee_rank_spread>=0.7,0.8519,0.8519,0.09,0.0,251,251,0,0.0,0,251.0,0.8943579,0.799672,0.05976095617529881,0.6721656089210997,0.904522983762843
MATR,MATR_b4c37.pkl,LFP,knee_rank_spread>=0.7,0.8516,0.8516,0.6858,0.0,863,863,0,0.0,0,863.0,0.9483651818181817,0.7996486545454545,0.05098493626882966,0.8438996838188626,0.7419484598809023
MATR,MATR_b4c11.pkl,LFP,knee_rank_spread>=0.7;curv_rank_spread>=0.7,0.8515,0.8515,0.77,0.0,863,863,0,0.0,0,863.0,0.9632215454545454,0.7996716818181817,0.05098493626882966,0.8438996838188626,0.7432651914748478
Tongji,Tongji1_CY45-05_1--28.pkl,NCA,curv_rank_spread>=0.7,0.8508,0.5596,0.8508,0.0,434,434,0,0.0,0,435.0,0.9580772471850968,0.7995030526871757,0.45057471264367815,0.15215733841621903,0.24030793574311496
MATR,MATR_b3c9.pkl,LFP,knee_rank_spread>=0.7;curv_rank_spread>=0.7,0.85,0.85,0.7167,0.0,1037,1037,0,0.0,0,1037.0,0.972256909090909,0.8001012727272726,0.05014464802314368,0.8157557314053392,0.7410049156895664
Tongji,Tongji2_CY45-05_1--15.pkl,NMC,curv_rank_spread>=0.7,0.85,0.6031,0.85,0.0,393,393,0,0.0,0,394.0,0.9502758328809756,0.7995020271751374,0.5964467005076142,0.2285590388490677,0.30489175642903127
Tongji,Tongji2_CY45-05_1--22.pkl,NMC,curv_rank_spread>=0.7,0.85,0.5058,0.85,0.0,410,410,0,0.0,0,412.0,0.94729633762862,0.7993496809855914,0.4878640776699029,0.22838708103624925,0.30269603752896407
MATR,MATR_b3c0.pkl,LFP,knee_rank_spread>=0.7,0.8497,0.8497,0.6558,0.004,1008,1007,1,0.000992,0,1008.0,0.9704137272727272,0.8,0.050595238095238096,0.8318252971205233,0.7501589510732859
MATR,MATR_b4c35.pkl,LFP,knee_rank_spread>=0.7,0.8493,0.8493,0.6242,0.0,1081,1081,0,0.0,0,1081.0,0.958001,0.7986716272727272,0.05087881591119334,0.8398467824785353,0.7429918949613868
ISU_ILCC,ISU-ILCC_G19C2.pkl,NMC,curv_rank_spread>=0.7,0.8492,0.0,0.8492,,346,346,0,0.0,0,346.0,0.9812106379890054,0.7977834834619068,0.8641618497109826,,
MATR,MATR_b3c19.pkl,LFP,knee_rank_spread>=0.7,0.8489,0.8489,0.4625,0.0,1153,1153,0,0.0,0,1153.0,0.9744770909090907,0.8000670272727272,0.05030355594102342,0.7836049283712578,0.7461622809798301
MATR,MATR_b3c30.pkl,LFP,knee_rank_spread>=0.7,0.8486,0.8486,0.6183,0.0,934,933,1,0.001071,0,934.0,0.9715811818181818,0.8,0.05032119914346895,0.815775343527057,0.7469711412202501
Tongji,Tongji2_CY45-05_1--21.pkl,NMC,curv_rank_spread>=0.7,0.8483,0.4733,0.8483,0.0,435,435,0,0.0,0,436.0,0.9555782097147436,0.7995432150178657,0.44495412844036697,0.22417823060255404,0.29939294250565035
ISU_ILCC,ISU-ILCC_G10C4.pkl,NMC,curv_rank_spread>=0.7,0.8475,0.5279,0.8475,0.0,882,882,0,0.0,0,882.0,0.9887835664959033,0.7963633990109074,0.5839002267573696,0.2777042810424002,0.31505701246480294
Tongji,Tongji1_CY45-05_1--25.pkl,NCA,curv_rank_spread>=0.7,0.8467,0.4305,0.8467,0.0,440,440,0,0.0,1,441.0,0.9542056663922606,0.799575241035892,0.2811791383219955,0.15210405770348343,0.2589292810967029
RWTH,RWTH_028.pkl,NMC,knee_rank_spread>=0.7;curv_rank_spread>=0.7,0.8442,0.8205,0.8442,0.004,611,611,0,0.0,1,615.0,0.9600716745342643,0.7980374888333087,0.7967479674796748,0.18976181721616212,0.1438600552666952
Tongji,Tongji2_CY45-05_1--13.pkl,NMC,curv_rank_spread>=0.7,0.8442,0.522,0.8442,0.0,385,385,0,0.0,0,386.0,0.943924078563717,0.7997632036330841,0.5362694300518135,0.24463769625328718,0.30204483125388465
Tongji,Tongji1_CY25-05_1--19.pkl,NCA,knee_rank_spread>=0.7,0.8431,0.8431,0.4783,0.0,127,127,0,0.0,0,128.0,0.9297681930308326,0.796662720057355,0.0625,0.8342886306532664,0.9485531230488965
Tongji,Tongji2_CY45-05_1--20.pkl,NMC,curv_rank_spread>=0.7,0.8425,0.5878,0.8425,0.0,394,394,0,0.0,0,395.0,0.9473335274267968,0.7997877243698072,0.5974683544303797,0.23654856561287452,0.30395814398297616
ZN-coin,ZN-coin_438-3_20231227204754_04_5.pkl,MnO2,curv_rank_spread>=0.7,0.8425,0.1073,0.8425,0.0,1082,1082,0,0.0,0,1082.0,1.0,0.7993638534282791,0.0878003696857671,0.4623064490660326,
MATR,MATR_b3c1.pkl,LFP,knee_rank_spread>=0.7,0.8414,0.8414,0.5667,0.0,1062,1061,1,0.000942,0,1062.0,0.9682366363636363,0.8,0.05084745762711865,0.8157515449185665,0.7550407940997086
RWTH,RWTH_035.pkl,NMC,knee_rank_spread>=0.7;curv_rank_spread>=0.7,0.8412,0.8412,0.7325,0.0281,674,674,0,0.0,1,679.0,0.9566512549602808,0.7962315753612277,0.9337260677466863,0.3341479118715818,0.2602540667396262
MATR,MATR_b4c19.pkl,LFP,knee_rank_spread>=0.7,0.8408,0.8408,0.6183,0.0,991,991,0,0.0,0,991.0,0.9547239999999998,0.7997377363636363,0.050454086781029264,0.8237960742156798,0.7488628242046496
Tongji,Tongji2_CY35-05_1--3.pkl,NMC,curv_rank_spread>=0.7,0.8408,0.5554,0.8408,0.0,481,481,0,0.0,0,491.0,0.9228807112772043,0.7985624272906974,0.5213849287169042,0.2197740228638099,0.2873128620170298
MATR,MATR_b4c27.pkl,LFP,knee_rank_spread>=0.7;curv_rank_spread>=0.7,0.8401,0.8401,0.7933,0.0,500,500,0,0.0,0,500.0,0.9425263636363634,0.798450109090909,0.052,0.8440311557788945,0.7465873631453701
RWTH,RWTH_014.pkl,NMC,curv_rank_spread>=0.7,0.84,0.6403,0.84,0.008,582,582,0,0.0,1,585.0,0.9620244502533607,0.8007505738726811,0.8085470085470086,0.3664115449040072,0.3186068964030187
Tongji,Tongji2_CY45-05_1--16.pkl,NMC,curv_rank_spread>=0.7,0.84,0.5035,0.84,0.0,405,405,0,0.0,0,407.0,0.9505289892904035,0.7992941517327006,0.49385749385749383,0.23243366710703398,0.30775926325778735
RWTH,RWTH_018.pkl,NMC,curv_rank_spread>=0.7,0.8392,0.6555,0.8392,0.0161,682,682,0,0.0,1,686.0,0.948010713126707,0.7985576558675022,0.7055393586005831,0.35019485181007076,0.2595390723217664
RWTH,RWTH_020.pkl,NMC,knee_rank_spread>=0.7;curv_rank_spread>=0.7,0.8387,0.8387,0.8033,0.0241,699,699,0,0.0,1,703.0,0.9519096546679221,0.7998769363094487,0.8918918918918919,0.3260856201348135,0.23004686153028325
Tongji,Tongji2_CY45-05_1--11.pkl,NMC,curv_rank_spread>=0.7,0.8383,0.5697,0.8383,0.0,377,377,0,0.0,0,378.0,0.9416389141517855,0.7996873419177054,0.5529100529100529,0.22872563877589003,0.292564738674421
Tongji,Tongji2_CY45-05_1--19.pkl,NMC,curv_rank_spread>=0.7,0.8383,0.5074,0.8383,0.016,409,409,0,0.0,1,411.0,0.9486630674547368,0.7995754025452636,0.48905109489051096,0.2283962391030579,0.3003912809841688
ISU_ILCC,ISU-ILCC_G13C2.pkl,NMC,curv_rank_spread>=0.7,0.8367,0.0573,0.8367,0.0,861,861,0,0.0,0,861.0,0.9947057685038729,0.7996971257892658,0.05110336817653891,0.19741564967695624,0.11815859731315341
Tongji,Tongji2_CY45-05_1--28.pkl,NMC,curv_rank_spread>=0.7,0.8358,0.4783,0.8358,0.0,414,414,0,0.0,0,415.0,0.9488780039625183,0.7997248685556563,0.46987951807228917,0.22835987164739363,0.3051057791290443
Stanford_2,Stanford_Nova_Regular_115.pkl,NMC,curv_rank_spread>=0.7,0.835,0.4474,0.835,0.0,488,488,0,0.0,0,488.0,1.0297054424881935,0.7993147398034732,0.09016393442622951,0.7357185517752698,0.7093478385067451
MATR,MATR_b4c42.pkl,LFP,knee_rank_spread>=0.7;curv_rank_spread>=0.7,0.8343,0.8343,0.7492,0.0,774,774,0,0.0,0,774.0,0.9542047272727271,0.7993865545454545,0.050387596899224806,0.8198310674821133,0.7294005750442597
NA-ion,NA-ion_270040-1-6-59.pkl,미상,knee_rank_spread>=0.7,0.8343,0.8343,0.3242,0.0,201,201,0,0.0,0,201.0,0.904405,0.7998451,0.06467661691542288,0.8764969124228106,
Tongji,Tongji1_CY25-05_1--7.pkl,NCA,knee_rank_spread>=0.7,0.8343,0.8343,0.3667,0.0,143,143,0,0.0,0,144.0,0.9314636851162578,0.7971030622912403,0.0625,0.7824609156895589,0.9038958996145424
Tongji,Tongji2_CY45-05_1--12.pkl,NMC,knee_rank_spread>=0.7;curv_rank_spread>=0.7,0.8343,0.8343,0.8175,0.0,435,435,0,0.0,0,436.0,0.9482695958365889,0.8000720210352723,0.9128440366972477,0.22817989027707347,0.2997573738738232
Tongji,Tongji2_CY45-05_1--27.pkl,NMC,curv_rank_spread>=0.7,0.8333,0.5402,0.8333,0.0,450,450,0,0.0,0,451.0,0.9501660209532343,0.7997548775632435,0.5232815964523282,0.22806159400104736,0.298638565748646
Tongji,Tongji2_CY45-05_1--24.pkl,NMC,curv_rank_spread>=0.7,0.8317,0.494,0.8317,0.0,424,424,0,0.0,0,426.0,0.947270788122714,0.7993913420091229,0.47183098591549294,0.2242621558496709,0.30106379014162754
Tongji,Tongji2_CY45-05_1--8.pkl,NMC,curv_rank_spread>=0.7,0.8317,0.467,0.8317,0.0,399,399,0,0.0,0,407.0,0.9413981562572469,0.7996931349833355,0.4742014742014742,0.23643401281592238,0.29028754010302465
Tongji,Tongji2_CY45-05_1--14.pkl,NMC,curv_rank_spread>=0.7,0.8308,0.5201,0.8308,0.0,387,387,0,0.0,0,388.0,0.9425575517309952,0.799750150159079,0.5180412371134021,0.23261928197689483,0.2957546166172806
Tongji,Tongji2_CY45-05_1--26.pkl,NMC,curv_rank_spread>=0.7,0.8292,0.5073,0.8292,0.0,408,408,0,0.0,0,410.0,0.9482784303899275,0.7995230567751731,0.4902439024390244,0.2284054418433632,0.30172232846901337
NA-ion,NA-ion_270040-6-8-24.pkl,미상,knee_rank_spread>=0.7;observed_vs_processed_kneefrac>=0.05,0.8291,0.8291,0.455,0.1042,270,235,35,0.12963,0,270.0,0.8993452,0.8,0.05925925925925926,0.7561827656802532,0.785060277931883
MATR,MATR_b4c38.pkl,LFP,knee_rank_spread>=0.7,0.8276,0.8276,0.6333,0.0,1165,1165,0,0.0,0,1165.0,0.9613796363636362,0.799877809090909,0.050643776824034335,0.8197528414605215,0.7488893954298157
MATR,MATR_b3c38.pkl,LFP,knee_rank_spread>=0.7,0.8252,0.8252,0.3508,0.0,1933,1933,0,0.0,0,1933.0,0.9728611818181817,0.8000041636363636,0.05018106570098293,0.7875471511723128,0.7383331177492597
Tongji,Tongji2_CY45-05_1--2.pkl,NMC,curv_rank_spread>=0.7,0.825,0.502,0.825,0.0,421,421,0,0.0,0,430.0,0.9458732455552459,0.7979189659039011,0.4720930232558139,0.22022671497019983,0.2819343405320454
SNL,SNL_18650_NMC_15C_0-100_0.5-2C_a.pkl,NMC,knee_rank_spread>=0.7;curv_rank_spread>=0.7,0.8242,0.7223,0.8242,0.0399,152,152,0,0.0,1,152.0,1.008888888888889,0.8,0.7236842105263158,0.20176871198095744,0.36649371453694773
MATR,MATR_b3c8.pkl,LFP,knee_rank_spread>=0.7,0.8239,0.8239,0.6975,0.0,827,826,1,0.001209,0,827.0,0.967942,0.8,0.05078597339782346,0.827846609103559,0.7455822318660507
SNL,SNL_18650_NCA_25C_0-100_0.5-1C_a.pkl,NCA,curv_rank_spread>=0.7,0.8225,0.4043,0.8225,0.0361,378,378,0,0.0,1,378.0,0.9540624999999999,0.7996875,0.656084656084656,0.4752612267687646,
MATR,MATR_b4c33.pkl,LFP,knee_rank_spread>=0.7;curv_rank_spread>=0.7,0.8211,0.8211,0.7542,0.0,505,505,0,0.0,0,505.0,0.9673793636363635,0.7992042727272727,0.05148514851485148,0.8319916413751929,0.7513715497919368
Tongji,Tongji2_CY25-05_1--9.pkl,NMC,knee_rank_spread>=0.7,0.8207,0.8207,0.3992,0.0,314,314,0,0.0,0,321.0,0.9027184093212115,0.7973819497869774,0.7912772585669782,0.2094788584667888,0.13234492620662855
Tongji,Tongji1_CY45-05_1--6.pkl,NCA,curv_rank_spread>=0.7,0.82,0.3332,0.82,0.0451,249,199,50,0.200803,0,257.0,0.9554170687181068,0.8017659439530606,0.40077821011673154,0.3024558590618462,0.3059088255839868
ISU_ILCC,ISU-ILCC_G57C3.pkl,NMC,knee_rank_spread>=0.7,0.8197,0.8197,0.1142,0.0,4830,4830,0,0.0,0,4830.0,0.9842010122921183,0.7982937805549257,0.9109730848861284,0.33732315823423537,0.26423490001139965
RWTH,RWTH_029.pkl,NMC,knee_rank_spread>=0.7;curv_rank_spread>=0.7,0.8192,0.7672,0.8192,0.0161,647,647,0,0.0,1,651.0,0.9572183994031516,0.7996703376400895,0.7619047619047619,0.19370276883650206,
RWTH,RWTH_042.pkl,NMC,knee_rank_spread>=0.7;curv_rank_spread>=0.7,0.8192,0.7948,0.8192,0.004,602,602,0,0.0,1,606.0,0.9595190229700441,0.7991584400436296,0.768976897689769,0.3784143489725857,0.14087436260981148
SNL,SNL_18650_NMC_35C_0-100_0.5-2C_a.pkl,NMC,curv_rank_spread>=0.7,0.8192,0.4325,0.8192,0.0201,639,639,0,0.0,1,639.0,0.9646666666666667,0.8028666666666665,0.3129890453834116,0.18168463601261395,0.22563078296885813
ISU_ILCC,ISU-ILCC_G45C3.pkl,NMC,knee_rank_spread>=0.7,0.8187,0.8187,0.405,0.0,514,514,0,0.0,0,514.0,0.9974876879866732,0.7994431233312502,0.0622568093385214,0.8239612459183075,0.8349547988864805
Tongji,Tongji2_CY45-05_1--1.pkl,NMC,curv_rank_spread>=0.7,0.8183,0.6201,0.8183,0.0,411,411,0,0.0,0,420.0,0.9423369852675471,0.7979247079062031,0.6095238095238096,0.22831538645608998,0.2891354471943744
MATR,MATR_b4c3.pkl,LFP,knee_rank_spread>=0.7,0.8182,0.8182,0.6325,0.0,777,777,0,0.0,0,777.0,0.9520013636363635,0.7986519,0.05019305019305019,0.8037704610568932,0.7371112221082158
ISU_ILCC,ISU-ILCC_G58C1.pkl,NMC,knee_rank_spread>=0.7,0.818,0.818,0.5892,0.0,1509,1509,0,0.0,0,1509.0,0.9974291247797515,0.7988878486805298,0.8959575878064944,0.3135205517314872,0.2568604181858377
SNL,SNL_18650_NCA_25C_0-100_0.5-1C_b.pkl,NCA,curv_rank_spread>=0.7,0.8175,0.4675,0.8175,0.0441,310,310,0,0.0,1,310.0,0.975,0.799375,0.8096774193548387,0.7801086075538987,0.5531340051812996
Tongji,Tongji1_CY45-05_1--15.pkl,NCA,curv_rank_spread>=0.7,0.8175,0.5476,0.8175,0.0,210,210,0,0.0,0,211.0,0.9571330939921641,0.7994668441035774,0.6966824644549763,0.3275405463335636,0.3416666026924917
Tongji,Tongji2_CY45-05_1--10.pkl,NMC,curv_rank_spread>=0.7,0.8175,0.6616,0.8175,0.0,399,399,0,0.0,0,407.0,0.9379784274977909,0.799854102302052,0.7542997542997543,0.24843504994258767,0.29429046214509075
Tongji,Tongji2_CY45-05_1--25.pkl,NMC,curv_rank_spread>=0.7,0.8167,0.518,0.8167,0.0,453,453,0,0.0,0,454.0,0.9531062978142437,0.79974569128387,0.5198237885462555,0.23604365439532465,0.3046769258160826
ISU_ILCC,ISU-ILCC_G31C3.pkl,NMC,knee_rank_spread>=0.7,0.8161,0.8161,0.5642,0.0,765,765,0,0.0,0,765.0,1.0045668393550655,0.7994127818271815,0.865359477124183,0.24169606200939342,0.2305120692481727
MATR,MATR_b3c5.pkl,LFP,knee_rank_spread>=0.7,0.816,0.816,0.67,0.0,827,826,1,0.001209,0,827.0,0.9558641818181817,0.8,0.05078597339782346,0.823831369665741,0.7294991874818411
SNL,SNL_18650_NMC_15C_0-100_0.5-1C_a.pkl,NMC,curv_rank_spread>=0.7,0.8158,0.1605,0.8158,,147,147,0,0.0,1,147.0,0.9988888888888888,0.7996296296296295,0.06802721088435375,,0.4348689653142246
SNL,SNL_18650_NMC_25C_0-100_0.5-1C_d.pkl,NMC,knee_rank_spread>=0.7,0.8155,0.8155,0.6,0.004,391,391,0,0.0,1,391.0,0.9396666666666667,0.7999999999999999,0.8056265984654731,0.1945276253389711,0.16880591887216725
ISU_ILCC,ISU-ILCC_G10C3.pkl,NMC,curv_rank_spread>=0.7,0.8142,0.3119,0.8142,0.0,580,580,0,0.0,0,580.0,0.9911802337016647,0.7978730746781705,0.23620689655172414,0.2058941258014209,0.28141440494021547
XJTU,XJTU_3C_battery-4.pkl,NMC,curv_rank_spread>=0.7,0.8142,0.2975,0.8142,0.0,321,321,0,0.0,0,321.0,0.9325,0.7995,0.1059190031152648,0.6839023779332801,0.5188796009016982
XJTU,XJTU_2C_battery-2.pkl,NMC,curv_rank_spread>=0.7,0.8133,0.0601,0.8133,0.0,405,405,0,0.0,0,405.0,0.9305,0.8,0.2518518518518518,0.4751684347664248,0.4695938890930027
MATR,MATR_b3c18.pkl,LFP,knee_rank_spread>=0.7,0.8121,0.8121,0.4883,0.0,1144,1144,0,0.0,0,1144.0,0.9709306363636362,0.8000354909090909,0.050699300699300696,0.7916395790139509,0.7459963083107767
RWTH,RWTH_012.pkl,NMC,knee_rank_spread>=0.7,0.8115,0.8115,0.5967,0.0281,782,782,0,0.0,1,786.0,0.9635259817499312,0.7980237688565621,0.8231552162849872,0.20151968493868835,0.2644474494081868
SNL,SNL_18650_NMC_25C_0-100_0.5-1C_a.pkl,NMC,knee_rank_spread>=0.7;curv_rank_spread>=0.7,0.8092,0.7285,0.8092,0.0,406,406,0,0.0,1,406.0,0.9463333333333334,0.8063333333333333,0.7068965517241379,0.19044112186548506,0.22348468802942387
NA-ion,NA-ion_270040-1-7-58.pkl,미상,knee_rank_spread>=0.7,0.8076,0.8076,0.5175,0.0,214,214,0,0.0,0,214.0,0.8914667,0.799571,0.056074766355140186,0.8364462499412954,
ISU_ILCC,ISU-ILCC_G13C1.pkl,NMC,curv_rank_spread>=0.7,0.8075,0.2251,0.8075,0.0,544,544,0,0.0,0,544.0,0.9774829765764584,0.7985015775326305,0.25,0.27420096807567246,0.3054858649605497
RWTH,RWTH_006.pkl,NMC,knee_rank_spread>=0.7;curv_rank_spread>=0.7,0.8075,0.8002,0.8075,0.0321,724,724,0,0.0,1,728.0,0.9282463968077455,0.7997882031892081,0.8351648351648352,0.21364445855651887,0.3239197998424351
RWTH,RWTH_011.pkl,NMC,curv_rank_spread>=0.7;observed_vs_processed_kneefrac>=0.05,0.8067,0.6923,0.8067,0.1204,673,673,0,0.0,1,677.0,0.947171518566877,0.7982548481811115,0.7267355982274741,0.33415081314994477,0.23787188323302513
RWTH,RWTH_030.pkl,NMC,knee_rank_spread>=0.7;curv_rank_spread>=0.7;observed_vs_processed_kneefrac>=0.05,0.8064,0.8064,0.7575,0.0642,682,682,0,0.0,1,686.0,0.9654071983319642,0.7983323862838592,0.8994169096209913,0.23378188317681706,0.3108574478678137
ISU_ILCC,ISU-ILCC_G12C1.pkl,NMC,curv_rank_spread>=0.7,0.8058,0.2525,0.8058,0.0,1505,1505,0,0.0,0,1505.0,0.9883603614877151,0.7992734268988468,0.12558139534883722,0.2452254628624852,0.17545164105260208
MATR,MATR_b4c44.pkl,LFP,knee_rank_spread>=0.7,0.8058,0.8058,0.6608,0.0,942,942,0,0.0,0,942.0,0.949113,0.7998000999999999,0.050955414012738856,0.8238053323944564,0.7425631930235861
SNL,SNL_18650_NMC_15C_0-100_0.5-2C_b.pkl,NMC,curv_rank_spread>=0.7,0.8042,0.1188,0.8042,0.0,143,143,0,0.0,1,143.0,0.9888888888888888,0.7996296296296295,0.08391608391608392,0.27794918649190004,0.4074871601581818
Tongji,Tongji2_CY45-05_1--7.pkl,NMC,curv_rank_spread>=0.7,0.8025,0.4688,0.8025,0.0,399,399,0,0.0,0,407.0,0.9392218384831511,0.7996770521801758,0.4742014742014742,0.23643401281592238,0.28747632860675776
MATR,MATR_b4c26.pkl,LFP,knee_rank_spread>=0.7;curv_rank_spread>=0.7,0.802,0.802,0.74,0.0,476,476,0,0.0,0,476.0,0.9423678181818181,0.7975922909090909,0.052521008403361345,0.8280002955956253,0.7520326954109191
Tongji,Tongji1_CY25-05_1--18.pkl,NCA,knee_rank_spread>=0.7,0.8013,0.8013,0.3267,0.0,150,150,0,0.0,0,151.0,0.9312787227760337,0.7973743297752364,0.059602649006622516,0.8418216912376453,
NA-ion,NA-ion_270040-3-1-56.pkl,미상,knee_rank_spread>=0.7,0.8008,0.8008,0.4525,0.0,128,128,0,0.0,0,128.0,0.8812963,0.7995476,0.0625,0.6654483354271358,0.7726968422122135
MATR,MATR_b1c31.pkl,LFP,knee_rank_spread>=0.7,0.7999,0.7999,0.505,0.0,876,874,2,0.002283,0,876.0,0.9951265454545454,0.8,0.0502283105022831,0.7635867694637573,0.7341547517817769
MATR,MATR_b3c31.pkl,LFP,knee_rank_spread>=0.7,0.7994,0.7994,0.685,0.0,730,729,1,0.00137,0,730.0,0.971073818181818,0.8,0.050684931506849315,0.8158305224753907,0.744533198298816
ISU_ILCC,ISU-ILCC_G29C2.pkl,NMC,curv_rank_spread>=0.7,0.7992,0.2465,0.7992,0.0,1152,1152,0,0.0,0,1152.0,1.0252149783897608,0.7994277026418648,0.2760416666666667,0.2855453482691235,0.32234608821176086
ZN-coin,ZN-coin_438-2_20231227204748_04_4.pkl,MnO2,curv_rank_spread>=0.7,0.7983,0.0,0.7983,,1377,1377,0,0.0,0,1377.0,1.0,0.7998596126435992,0.06971677559912855,,
Tongji,Tongji1_CY25-05_1--13.pkl,NCA,curv_rank_spread>=0.7,0.7975,0.4533,0.7975,0.0,139,139,0,0.0,0,140.0,0.9351537814756169,0.799264345972726,0.5714285714285714,0.3545800430725054,0.36984247121792296
ISU_ILCC,ISU-ILCC_G25C1.pkl,NMC,knee_rank_spread>=0.7;curv_rank_spread>=0.7,0.7973,0.7973,0.7058,0.0,728,728,0,0.0,0,728.0,1.0033604785886279,0.7995858207914817,0.8392857142857143,0.21765903694295655,
Tongji,Tongji1_CY25-05_1--5.pkl,NCA,knee_rank_spread>=0.7,0.7973,0.7973,0.5975,0.0,150,150,0,0.0,0,151.0,0.9289384687155879,0.7986121216989863,0.8741721854304636,0.32216379912809084,0.2591166950090015
Stanford_2,Stanford_Nova_Regular_114.pkl,NMC,knee_rank_spread>=0.7,0.797,0.797,0.5775,0.0,564,564,0,0.0,0,564.0,1.02430892487367,0.7965088511506717,0.0726950354609929,0.8841254143055705,0.7804470285363155
SNL,SNL_18650_NMC_35C_0-100_0.5-1C_b.pkl,NMC,knee_rank_spread>=0.7;curv_rank_spread>=0.7,0.7968,0.7968,0.7242,0.0,524,524,0,0.0,1,524.0,0.9406666666666667,0.8079999999999999,0.8129770992366412,0.2060406996816142,0.3126762468014689
ISU_ILCC,ISU-ILCC_G29C4.pkl,NMC,curv_rank_spread>=0.7,0.7958,0.1832,0.7958,0.0,1312,1312,0,0.0,0,1312.0,1.0242102622576672,0.7998227916492924,0.1173780487804878,0.2372652132614291,0.24403015847279494
ISU_ILCC,ISU-ILCC_G32C4.pkl,NMC,knee_rank_spread>=0.7;curv_rank_spread>=0.7,0.7953,0.7953,0.705,0.0,1680,1680,0,0.0,0,1680.0,1.0082375944493578,0.7837861323645169,0.050595238095238096,0.8116699569274947,
ISU_ILCC,ISU-ILCC_G39C4.pkl,NMC,knee_rank_spread>=0.7,0.7947,0.7947,0.1258,0.0,553,553,0,0.0,0,553.0,1.104957888888889,0.7985376666666667,0.06871609403254973,0.7155906112842695,0.8515084475704018
SNL,SNL_18650_NCA_25C_20-80_0.5-0.5C_a.pkl,NCA,curv_rank_spread>=0.7,0.7942,0.5139,0.7942,0.008,711,711,0,0.0,1,711.0,1.0510416666666662,0.7999999999999998,0.7144866385372715,0.37424817476977,
XJTU,XJTU_2C_battery-3.pkl,NMC,curv_rank_spread>=0.7,0.7933,0.0913,0.7933,0.0,392,392,0,0.0,0,392.0,0.9305,0.7905,0.2576530612244898,0.4832312070556867,0.43333160728687814
HNEI,HNEI_18650_NMC_LCO_25C_0-100_0.5-1.5C_j.pkl,블렌드,knee_rank_spread>=0.7,0.7929,0.7929,0.345,0.004,262,262,0,0.0,1,262.0,0.9471428571428573,0.7985714285714287,0.732824427480916,0.5239345582876214,0.08119199945191617
MATR,MATR_b3c12.pkl,LFP,knee_rank_spread>=0.7;curv_rank_spread>=0.7,0.7913,0.7913,0.72,0.0,931,930,1,0.001074,0,931.0,0.976513909090909,0.8,0.050483351235230935,0.8077444148778263,0.7381368538127516
ISU_ILCC,ISU-ILCC_G37C4.pkl,NMC,curv_rank_spread>=0.7,0.7908,0.1449,0.7908,0.0,487,487,0,0.0,0,487.0,1.1137888888888887,0.7993662222222222,0.37166324435318276,0.7437433574443058,0.6403943409562918
XJTU,XJTU_3C_battery-7.pkl,NMC,curv_rank_spread>=0.7,0.7908,0.1233,0.7908,0.0,318,318,0,0.0,0,318.0,0.9385,0.799,0.330188679245283,0.6077699819853988,0.5002573212797203
Tongji,Tongji3_CY25-05_2--1.pkl,블렌드,knee_rank_spread>=0.7;curv_rank_spread>=0.7,0.7907,0.7907,0.7667,0.0,451,451,0,0.0,1,457.0,0.9887163167133244,0.797916927600694,0.925601750547046,0.26003650638311915,0.31567557891353465
Stanford_2,Stanford_Nova_Regular_306.pkl,NMC,knee_rank_spread>=0.7,0.7893,0.7893,0.0942,0.0,1006,1006,0,0.0,0,1006.0,1.0119196648399036,0.7999811321496964,0.885685884691849,0.4422635044007313,0.26986533092979736
Tongji,Tongji2_CY45-05_1--9.pkl,NMC,curv_rank_spread>=0.7,0.7892,0.6018,0.7892,0.0042,419,399,20,0.047733,0,427.0,0.9395971254421269,0.8,0.5995316159250585,0.23225612841726198,0.2859075042529095
Tongji,Tongji1_CY25-05_1--15.pkl,NCA,knee_rank_spread>=0.7,0.7887,0.7887,0.4783,0.0,166,166,0,0.0,0,167.0,0.9364523884359885,0.7977673202813821,0.8502994011976048,0.22596515511690188,
Stanford_2,Stanford_Nova_Regular_275.pkl,NMC,knee_rank_spread>=0.7,0.7881,0.7881,0.5825,0.0,768,768,0,0.0,0,768.0,1.0350705434878669,0.7980638494094213,0.07552083333333333,0.8921004763400336,0.7308837938162616
ISU_ILCC,ISU-ILCC_G25C3.pkl,NMC,knee_rank_spread>=0.7;curv_rank_spread>=0.7,0.7863,0.7863,0.7458,0.0,937,937,0,0.0,0,937.0,1.0006134097325718,0.7994510299947425,0.8772678762006404,0.27765615698556817,0.26826549768956587
XJTU,XJTU_2C_battery-4.pkl,NMC,curv_rank_spread>=0.7,0.7842,0.0515,0.7842,0.0,397,395,2,0.005038,0,397.0,0.929,0.8,0.25440806045340053,0.5193043302153083,0.4935868186146254
ZN-coin,ZN-coin_441-1_20231227204855_08_4.pkl,MnO2,curv_rank_spread>=0.7,0.7842,0.3185,0.7842,0.0,219,219,0,0.0,0,219.0,1.0,0.7099523290372715,0.1780821917808219,0.7283816341983892,0.7032231255867897
SNL,SNL_18650_NMC_35C_0-100_0.5-1C_d.pkl,NMC,curv_rank_spread>=0.7,0.7825,0.1707,0.7825,0.004,592,592,0,0.0,1,592.0,0.9359999999999999,0.7999999999999999,0.08277027027027027,0.22593287382860253,0.17610081966097008
MATR,MATR_b4c9.pkl,LFP,knee_rank_spread>=0.7;curv_rank_spread>=0.7,0.7821,0.7821,0.7458,0.0,442,442,0,0.0,0,442.0,0.9619180909090909,0.7988478909090909,0.05203619909502263,0.8200061392937538,0.7454879275653757
ISU_ILCC,ISU-ILCC_G5C4.pkl,NMC,knee_rank_spread>=0.7,0.7817,0.7817,0.6783,0.0,334,334,0,0.0,0,334.0,1.1217027777777777,0.7877403333333333,0.07784431137724551,0.8962913369241416,0.7658634640635904
Tongji,Tongji1_CY45-05_1--17.pkl,NCA,curv_rank_spread>=0.7,0.7817,0.4418,0.7817,0.0,183,183,0,0.0,0,184.0,0.9594969634836936,0.7998446746227843,0.6847826086956522,0.4438005243609351,0.43748821931703574
Tongji,Tongji2_CY25-05_1--13.pkl,NMC,knee_rank_spread>=0.7,0.7814,0.7814,0.395,0.0,327,327,0,0.0,0,334.0,0.9090251779732842,0.7978706951163735,0.7664670658682635,0.18530978244515994,
Stanford_2,Stanford_Nova_Regular_116.pkl,NMC,curv_rank_spread>=0.7,0.78,0.0376,0.78,0.0,463,463,0,0.0,0,463.0,1.0156717772285144,0.7956427832444509,0.7429805615550756,0.7798734493200343,0.7307907379302281
Stanford_2,Stanford_Nova_Regular_105.pkl,NMC,curv_rank_spread>=0.7,0.7792,0.0445,0.7792,0.0,514,514,0,0.0,0,514.0,1.0373390590151153,0.7978266105055809,0.8190661478599222,0.8400103630995446,0.7483459631195911
Tongji,Tongji3_CY25-05_4--2.pkl,블렌드,curv_rank_spread>=0.7,0.7792,0.6012,0.7792,0.004,474,474,0,0.0,1,480.0,0.9945351005664058,0.798300423329644,0.51875,0.187820351758794,0.27187229045168576
ISU_ILCC,ISU-ILCC_G46C4.pkl,NMC,curv_rank_spread>=0.7,0.7758,0.5295,0.7758,0.0,522,522,0,0.0,0,522.0,1.001714595510897,0.799847236058709,0.8869731800766284,0.5471004447524981,0.7550016968131397
Tongji,Tongji1_CY25-05_1--1.pkl,NCA,knee_rank_spread>=0.7,0.7755,0.7755,0.4592,0.0,120,120,0,0.0,0,121.0,0.926448402620908,0.7944327992720346,0.0743801652892562,0.7988579259936044,0.8833029709431343
Tongji,Tongji3_CY25-05_4--3.pkl,블렌드,curv_rank_spread>=0.7,0.775,0.2233,0.775,0.008,457,457,0,0.0,1,463.0,0.9942535032641056,0.7980323277977428,0.2634989200863931,0.3000217068061691,0.3776358617679018
Tongji,Tongji1_CY45-05_1--12.pkl,NCA,knee_rank_spread>=0.7;curv_rank_spread>=0.7,0.7742,0.7263,0.7742,0.0,472,472,0,0.0,0,473.0,0.9561950036664112,0.7997307389199688,0.8477801268498943,0.30796370860645733,0.29368608863444967
ISU_ILCC,ISU-ILCC_G45C2.pkl,NMC,knee_rank_spread>=0.7,0.7725,0.7725,0.4783,0.0,498,498,0,0.0,0,498.0,0.996159531568931,0.7993008670110694,0.07630522088353414,0.8560684950858711,0.9248297390698123
ISU_ILCC,ISU-ILCC_G20C3.pkl,NMC,curv_rank_spread>=0.7,0.7717,0.631,0.7717,0.0,625,625,0,0.0,0,625.0,1.103100622222224,0.799817688888888,0.8064,0.3543011055276382,0.3211393770969261
ISU_ILCC,ISU-ILCC_G47C1.pkl,NMC,knee_rank_spread>=0.7,0.7701,0.7701,0.2467,0.0,998,998,0,0.0,0,998.0,1.0269060264112388,0.7995101458828462,0.06913827655310621,0.8519073322524447,0.6461924077508234
ISU_ILCC,ISU-ILCC_G14C3.pkl,NMC,curv_rank_spread>=0.7,0.7692,0.5311,0.7692,0.0,112,112,0,0.0,0,112.0,0.9785014691051084,0.7997859757470245,0.38392857142857145,0.1279567480258435,0.29493724231066104
ISU_ILCC,ISU-ILCC_G7C3.pkl,NMC,curv_rank_spread>=0.7,0.7692,0.5112,0.7692,0.0,1387,1387,0,0.0,0,1387.0,0.9855172857372568,0.7974748351825053,0.6914203316510454,0.3617670182201563,0.37392498669103125
ZN-coin,ZN-coin_437-2_20231227204712_04_1.pkl,MnO2,curv_rank_spread>=0.7,0.7692,0.1666,0.7692,0.0,1281,1281,0,0.0,0,1281.0,1.0,0.7995298092215201,0.08274785323965651,0.5385514614446157,
MATR,MATR_b2c46.pkl,LFP,curv_rank_spread>=0.7,0.7683,0.1149,0.7683,0.0,428,428,0,0.0,0,428.0,0.9751034545454546,0.7980858181818181,0.530373831775701,0.7839231202742686,0.7188082916122782
MATR,MATR_b4c13.pkl,LFP,curv_rank_spread>=0.7,0.7683,0.625,0.7683,0.0,771,771,0,0.0,0,771.0,0.9692220909090907,0.7997131363636363,0.11284046692607004,0.8318766334917128,0.7372122376453988
MATR,MATR_b4c28.pkl,LFP,curv_rank_spread>=0.7,0.7683,0.447,0.7683,0.0,828,828,0,0.0,0,828.0,0.9678836363636364,0.7989252181818182,0.32608695652173914,0.8479225839341636,0.7497506543421065
RWTH,RWTH_034.pkl,NMC,curv_rank_spread>=0.7;observed_vs_processed_kneefrac>=0.05,0.7675,0.4053,0.7675,0.1084,668,668,0,0.0,1,673.0,0.9540609472245589,0.7930457912208196,0.487369985141159,0.33014254033914003,0.3124699785595158
Stanford_2,Stanford_Nova_Regular_326.pkl,NMC,curv_rank_spread>=0.7,0.7675,0.5654,0.7675,0.0,523,523,0,0.0,0,523.0,1.0214732959866524,0.7988441735506058,0.12619502868068833,0.819942926871451,0.6992292712477156
Tongji,Tongji1_CY45-05_1--24.pkl,NCA,curv_rank_spread>=0.7,0.7675,0.6791,0.7675,0.0,330,330,0,0.0,0,331.0,0.9579340582681126,0.7997310208164766,0.7069486404833837,0.22930817228134634,0.2374737544539482
Tongji,Tongji1_CY25-05_1--14.pkl,NCA,knee_rank_spread>=0.7,0.7668,0.7668,0.22,0.0,161,161,0,0.0,0,162.0,0.9336160408866174,0.7968697556346491,0.06790123456790123,0.8456479930516783,
ISU_ILCC,ISU-ILCC_G51C4.pkl,NMC,curv_rank_spread>=0.7,0.7667,0.6589,0.7667,0.0,1046,1046,0,0.0,0,1046.0,1.0249963519403087,0.799929751966152,0.7820267686424475,0.2775757371945771,
ISU_ILCC,ISU-ILCC_G56C3.pkl,NMC,curv_rank_spread>=0.7,0.7667,0.1051,0.7667,0.0,1035,1035,0,0.0,0,1035.0,1.0053824026083207,0.799753094091072,0.07632850241545894,0.22135605564052147,0.29639483178875403
MATR,MATR_b4c39.pkl,LFP,knee_rank_spread>=0.7,0.7666,0.7666,0.6592,0.0,738,738,0,0.0,0,738.0,0.9533142727272726,0.7995977181818181,0.052845528455284556,0.811813130694121,0.7447508814776123
MATR,MATR_b3c11.pkl,LFP,knee_rank_spread>=0.7,0.7654,0.7654,0.64,0.0,816,815,1,0.001225,0,816.0,0.9709708181818181,0.8,0.05024509803921569,0.7876976795743422,0.7239740507504183
Tongji,Tongji3_CY25-05_1--1.pkl,블렌드,curv_rank_spread>=0.7,0.765,0.4059,0.765,0.004,486,486,0,0.0,1,492.0,0.9942969519236096,0.7980943637395296,0.25203252032520324,0.13168484699922375,0.3438443529631769
ISU_ILCC,ISU-ILCC_G6C4.pkl,NMC,knee_rank_spread>=0.7,0.764,0.764,0.16,0.0,3315,3315,0,0.0,0,3315.0,0.9760332854805865,0.7902140436684139,0.9067873303167421,0.2771025565231891,
Tongji,Tongji3_CY25-05_4--1.pkl,블렌드,curv_rank_spread>=0.7,0.7617,0.3749,0.7617,0.0,487,487,0,0.0,1,493.0,1.0001677377521705,0.7973613947693139,0.2515212981744422,0.15970420051576342,0.3043048512782069
MATR,MATR_b3c27.pkl,LFP,knee_rank_spread>=0.7,0.7593,0.7593,0.6008,0.0,848,848,0,0.0,0,848.0,0.9640155454545454,0.800022809090909,0.05070754716981132,0.7957185692614014,0.7352244311131488
Tongji,Tongji1_CY45-05_1--7.pkl,NCA,knee_rank_spread>=0.7;curv_rank_spread>=0.7,0.7593,0.7593,0.7483,0.0163,433,399,34,0.078522,0,449.0,0.9514780716551182,0.8,0.8129175946547884,0.2761032333157995,0.25345151173320035
MATR,MATR_b2c38.pkl,LFP,curv_rank_spread>=0.7,0.7592,0.1565,0.7592,0.0,464,464,0,0.0,0,464.0,0.9726815454545453,0.7981358909090908,0.4849137931034483,0.7838838589499221,0.7134499007599844
ISU_ILCC,ISU-ILCC_G30C3.pkl,NMC,knee_rank_spread>=0.7;curv_rank_spread>=0.7,0.7583,0.727,0.7583,0.0,673,673,0,0.0,0,673.0,0.9968181695101671,0.7996571034011596,0.8826151560178306,0.29401539644731833,0.3425055793092075
RWTH,RWTH_033.pkl,NMC,curv_rank_spread>=0.7;observed_vs_processed_kneefrac>=0.05,0.7583,0.669,0.7583,0.0642,736,736,0,0.0,1,740.0,0.9625790344518484,0.7988161699055513,0.6391891891891892,0.2096122504413962,0.3127549221040479
MATR,MATR_b4c43.pkl,LFP,knee_rank_spread>=0.7;curv_rank_spread>=0.7,0.7528,0.7528,0.7008,0.0,750,750,0,0.0,0,750.0,0.9468091818181819,0.7995569181818182,0.050666666666666665,0.7957500837520938,0.7254770948764988
ISU_ILCC,ISU-ILCC_G52C1.pkl,NMC,knee_rank_spread>=0.7,0.7522,0.7522,0.3575,0.0,611,611,0,0.0,0,611.0,0.9868657768977739,0.7992536279482378,0.08019639934533551,0.6553388875638422,0.8878089004642236
ZN-coin,ZN-coin_205-2_20231205230234_07_5.pkl,MnO2,knee_rank_spread>=0.7,0.7522,0.7522,0.5742,0.0,370,370,0,0.0,0,370.0,0.9996991203084002,0.798303931101142,0.6378378378378379,0.11846937389650958,
MATR,MATR_b2c39.pkl,LFP,curv_rank_spread>=0.7,0.7517,0.0357,0.7517,0.0,458,458,0,0.0,0,458.0,0.9804193636363636,0.7980327181818181,0.5873362445414847,0.7758673279059051,0.7144440469288629
RWTH,RWTH_019.pkl,NMC,curv_rank_spread>=0.7,0.75,0.1912,0.75,0.012,588,588,0,0.0,1,591.0,0.9540747741628088,0.7992254073395465,0.2656514382402707,0.3704138288736406,0.3290856972617611
SNL,SNL_18650_LFP_25C_0-100_0.5-3C_d.pkl,LFP,knee_rank_spread>=0.7,0.7499,0.7499,0.4017,0.008,3139,3139,0,0.0,1,3139.0,0.9654545454545455,0.7999999999999999,0.05160879260911118,0.3735664624492325,0.7394791347103779
RWTH,RWTH_037.pkl,NMC,curv_rank_spread>=0.7;observed_vs_processed_kneefrac>=0.05,0.7492,0.5368,0.7492,0.0763,681,681,0,0.0,1,685.0,0.9738893161851823,0.7978403112424884,0.5313868613138686,0.28998276051791805,0.2654381356069151
Stanford_2,Stanford_Nova_Regular_117.pkl,NMC,knee_rank_spread>=0.7,0.7489,0.7489,0.6342,0.0,576,576,0,0.0,0,576.0,1.023603416979313,0.795442486802737,0.07291666666666667,0.8480030360134004,0.7478264791706783
Tongji,Tongji3_CY25-05_1--3.pkl,블렌드,curv_rank_spread>=0.7,0.7483,0.4171,0.7483,0.0,474,474,0,0.0,1,480.0,0.9936922414410809,0.7974416004198674,0.25625,0.12376675041876048,0.2808293388417297
ISU_ILCC,ISU-ILCC_G31C2.pkl,NMC,knee_rank_spread>=0.7,0.7482,0.7482,0.5625,0.0,753,753,0,0.0,0,753.0,1.0033276064853869,0.7998786537101951,0.8618857901726428,0.24974140289762226,
Tongji,Tongji2_CY25-05_1--8.pkl,NMC,knee_rank_spread>=0.7,0.7474,0.7474,0.4875,0.0,244,244,0,0.0,0,249.0,0.9015693075380938,0.7972576234092876,0.6184738955823293,0.18299731589675283,0.016364891915981835
ISU_ILCC,ISU-ILCC_G45C4.pkl,NMC,knee_rank_spread>=0.7;curv_rank_spread>=0.7,0.7467,0.714,0.7467,0.0,545,545,0,0.0,0,545.0,0.9976241199722469,0.7991809797057597,0.908256880733945,0.3303766539117607,0.5417928476398536
ZN-coin,ZN-coin_427-1_20231205230153_03_7.pkl,MnO2,knee_rank_spread>=0.7,0.7461,0.7461,0.5425,0.0,21,21,0,0.0,0,21.0,0.9984878366028711,0.7968420176092302,0.7142857142857143,0.17731514716439342,
ISU_ILCC,ISU-ILCC_G19C1.pkl,NMC,curv_rank_spread>=0.7,0.7458,0.6939,0.7458,,410,410,0,0.0,0,410.0,0.9773464168952634,0.7987135331688355,0.6926829268292682,,0.21626535083540174
NA-ion,NA-ion_270040-5-6-34.pkl,미상,knee_rank_spread>=0.7,0.7456,0.7456,0.1767,0.0,131,131,0,0.0,0,131.0,0.8955192,0.7997468,0.061068702290076333,0.820975104530285,0.592747725470888
Stanford,Stanford_Nova_Regular_223.pkl,NMC,curv_rank_spread>=0.7,0.745,0.6718,0.745,0.0,886,886,0,0.0,0,886.0,1.025660832722982,0.7999115313092868,0.07223476297968397,0.8157860408135486,0.7008086014373281
Stanford_2,Stanford_Nova_Regular_223.pkl,NMC,curv_rank_spread>=0.7,0.745,0.6735,0.745,0.0,886,886,0,0.0,0,886.0,1.025660832722982,0.7999115313092868,0.07223476297968397,0.8157860408135486,0.7008086014373281
ISU_ILCC,ISU-ILCC_G4C2.pkl,NMC,knee_rank_spread>=0.7;curv_rank_spread>=0.7,0.7442,0.7218,0.7442,0.0,1552,1552,0,0.0,0,1552.0,1.001769659604615,0.7997741802172593,0.8672680412371134,0.2813678573278765,0.34052088067639835
RWTH,RWTH_045.pkl,NMC,curv_rank_spread>=0.7,0.7442,0.3133,0.7442,0.0241,640,640,0,0.0,1,644.0,0.9793925181415543,0.7999772042165642,0.23136645962732919,0.38236758325790454,0.20624522411148352
NA-ion,NA-ion_270040-4-1-48.pkl,미상,knee_rank_spread>=0.7,0.7436,0.7436,0.35,0.0,235,235,0,0.0,0,235.0,0.9179171,0.7998691,0.7957446808510639,0.22792259168181334,
ISU_ILCC,ISU-ILCC_G7C4.pkl,NMC,curv_rank_spread>=0.7,0.7433,0.3926,0.7433,0.0,1260,1260,0,0.0,0,1260.0,0.9967838687752574,0.7998862206072476,0.5452380952380952,0.4622361809045226,0.38995696645122896
NA-ion,NA-ion_270040-1-8-57.pkl,미상,curv_rank_spread>=0.7,0.7433,0.0874,0.7433,0.0166,290,240,50,0.172414,0,290.0,0.9049981,0.8054652231578948,0.05862068965517241,0.1591907814936753,0.2417971112431284
ISU_ILCC,ISU-ILCC_G28C4.pkl,NMC,curv_rank_spread>=0.7,0.7425,0.0,0.7425,,381,381,0,0.0,0,381.0,0.9889745394143198,0.7997801917095081,0.4251968503937008,,
MATR,MATR_b2c35.pkl,LFP,curv_rank_spread>=0.7,0.7408,0.1582,0.7408,0.0,462,462,0,0.0,0,462.0,0.9715651818181817,0.7994645818181818,0.48484848484848486,0.7838858796145229,0.700091296772432
Stanford_2,Stanford_Nova_Regular_205.pkl,NMC,curv_rank_spread>=0.7,0.7408,0.0335,0.7408,0.0,714,714,0,0.0,0,714.0,1.0463895897070568,0.7979173213243484,0.5378151260504201,0.7636480722942444,0.7119930751013228
MATR,MATR_b1c5.pkl,LFP,knee_rank_spread>=0.7,0.74,0.74,0.6517,0.0,1073,1072,1,0.000932,0,1073.0,0.978296909090909,0.8,0.06057781919850885,0.8197661185704852,0.7373194039156586
CALB,CALB_35_B229.pkl,NMC,knee_rank_spread>=0.7,0.7394,0.7394,0.3967,0.0,1171,1171,0,0.0,0,1171.0,1.0,0.8998754655720935,0.6208368915456874,0.14495191585596645,0.06849442833783673
Stanford,Stanford_Nova_Regular_205.pkl,NMC,curv_rank_spread>=0.7,0.7392,0.0336,0.7392,0.0,714,714,0,0.0,0,714.0,1.0463895897070568,0.7979173213243484,0.5378151260504201,0.7636480722942444,0.7119930751013228
MATR,MATR_b4c6.pkl,LFP,knee_rank_spread>=0.7,0.739,0.739,0.6158,0.0,706,706,0,0.0,0,706.0,0.9422953636363637,0.7994554818181818,0.053824362606232294,0.8078102979486669,0.7376799196336198
Stanford_2,Stanford_Nova_Regular_220.pkl,NMC,curv_rank_spread>=0.7,0.7375,0.1178,0.7375,0.0,736,736,0,0.0,0,736.0,1.030597525338332,0.7997820153832436,0.7948369565217391,0.807799186148132,0.7186037524113137
Tongji,Tongji1_CY45-05_1--23.pkl,NCA,curv_rank_spread>=0.7,0.7375,0.5475,0.7375,0.0,451,451,0,0.0,0,452.0,0.9572744641331843,0.7996796152773126,0.5287610619469026,0.2880886734557745,0.2535475181238776
MATR,MATR_b2c34.pkl,LFP,curv_rank_spread>=0.7,0.7367,0.6623,0.7367,0.0,498,498,0,0.0,0,498.0,0.9716826363636363,0.7999327545454545,0.05421686746987952,0.7798399628665416,0.7213956444230191
MATR,MATR_b3c26.pkl,LFP,knee_rank_spread>=0.7,0.7366,0.7366,0.5592,0.0,1026,1026,0,0.0,0,1026.0,0.9745623636363636,0.8002141909090909,0.050682261208576995,0.7755958153339799,0.7294746563596314
ISU_ILCC,ISU-ILCC_G10C1.pkl,NMC,curv_rank_spread>=0.7,0.7358,0.2359,0.7358,0.0,622,622,0,0.0,0,622.0,0.9870571788285171,0.7986836756493567,0.21221864951768488,0.23791061416406795,0.31303806414318114
NA-ion,NA-ion_270040-6-6-26.pkl,미상,curv_rank_spread>=0.7,0.7358,0.1821,0.7358,0.0,232,232,0,0.0,0,232.0,0.8971202,0.7995338,0.0603448275862069,0.356053976780454,0.4083578833868459
Stanford,Stanford_Nova_Regular_220.pkl,NMC,curv_rank_spread>=0.7,0.7358,0.116,0.7358,0.0,736,736,0,0.0,0,736.0,1.030597525338332,0.7997820153832436,0.7948369565217391,0.807799186148132,0.7186037524113137
MATR,MATR_b2c41.pkl,LFP,curv_rank_spread>=0.7,0.735,0.0995,0.735,0.0,428,428,0,0.0,0,428.0,0.9710953636363636,0.7996795363636363,0.633177570093458,0.7598588738082939,0.6996915313728135
XJTU,XJTU_2C_battery-6.pkl,NMC,curv_rank_spread>=0.7,0.735,0.0484,0.735,0.0,406,406,0,0.0,0,406.0,0.953,0.8,0.24876847290640394,0.47917543381934313,0.519240860812894
ISU_ILCC,ISU-ILCC_G20C2.pkl,NMC,curv_rank_spread>=0.7,0.7342,0.5983,0.7342,0.0,372,372,0,0.0,0,372.0,1.120103822222224,0.798405955555556,0.1693548387096774,0.8481479980547902,0.7437335586062974
Tongji,Tongji1_CY45-05_1--19.pkl,NCA,curv_rank_spread>=0.7,0.7333,0.6727,0.7333,0.0,334,334,0,0.0,0,336.0,0.958987854817941,0.7997101868255904,0.6547619047619048,0.2212461115099306,0.22275921148800173
ISU_ILCC,ISU-ILCC_G12C2.pkl,NMC,curv_rank_spread>=0.7,0.7325,0.4352,0.7325,0.0,795,795,0,0.0,0,795.0,0.988485617838541,0.7974671636894138,0.37358490566037733,0.2135533010966784,0.2417928535826448
MATR,MATR_b2c29.pkl,LFP,curv_rank_spread>=0.7,0.7325,0.0555,0.7325,0.0,497,497,0,0.0,0,497.0,0.9750039090909091,0.7992518454545454,0.5412474849094567,0.7718168306320335,0.7145232027618824
MATR,MATR_b2c44.pkl,LFP,curv_rank_spread>=0.7,0.7325,0.026,0.7325,0.0,455,455,0,0.0,0,455.0,0.9735336363636362,0.7997162818181818,0.5912087912087912,0.7678480313656193,0.712632359308781
CALCE,CALCE_CX2_38.pkl,LCO,knee_rank_spread>=0.7,0.7317,0.7317,0.6792,0.0,590,590,0,0.0,0,590.0,1.0022198553040118,0.7983634638724123,0.6372881355932203,0.14567157823013374,0.11527292703580841
SNL,SNL_18650_NCA_25C_20-80_0.5-0.5C_b.pkl,NCA,curv_rank_spread>=0.7,0.7317,0.4446,0.7317,0.0,976,976,0,0.0,1,976.0,1.0562499999999997,0.7999999999999998,0.8883196721311475,0.787654975698163,0.6206545036959248
ZN-coin,ZN-coin_436-3_20231227204657_03_7.pkl,MnO2,curv_rank_spread>=0.7,0.7317,0.2211,0.7317,,1232,1232,0,0.0,0,1232.0,1.0,0.7998484689988493,0.07954545454545454,,0.026418319774806576
MATR,MATR_b3c40.pkl,LFP,knee_rank_spread>=0.7,0.7311,0.7311,0.6208,0.0,795,794,1,0.001258,0,795.0,0.9630213636363636,0.8,0.050314465408805034,0.7796744729939005,0.7194928134964537
ISU_ILCC,ISU-ILCC_G4C4.pkl,NMC,curv_rank_spread>=0.7,0.7308,0.2937,0.7308,0.0,1123,1123,0,0.0,0,1123.0,1.0033970142406654,0.7992562497652944,0.2831700801424755,0.2574457326704762,0.33542739224024387
MATR,MATR_b3c4.pkl,LFP,knee_rank_spread>=0.7,0.7306,0.7306,0.5583,0.0,1046,1046,0,0.0,0,1046.0,0.9749786363636364,0.8000133272727271,0.05066921606118547,0.7796078864686723,0.7277706003297074
Tongji,Tongji3_CY25-05_1--2.pkl,블렌드,curv_rank_spread>=0.7,0.73,0.4182,0.73,0.0,463,463,0,0.0,1,469.0,0.9943268405098745,0.79806585327143,0.2622601279317697,0.1358616108259849,0.264937869319845
MATR,MATR_b3c29.pkl,LFP,knee_rank_spread>=0.7,0.7295,0.7295,0.6058,0.0,856,856,0,0.0,0,856.0,0.9694261818181817,0.8000664272727273,0.05023364485981308,0.7756392946038605,0.7176073867797389
ISU_ILCC,ISU-ILCC_G4C3.pkl,NMC,curv_rank_spread>=0.7,0.7292,0.5996,0.7292,0.0,1567,1567,0,0.0,0,1567.0,1.004768400014463,0.7931085429729532,0.7740906190172304,0.3335913774359995,0.3520710058845363
ISU_ILCC,ISU-ILCC_G21C4.pkl,NMC,knee_rank_spread>=0.7,0.729,0.729,0.185,0.0,536,536,0,0.0,0,536.0,1.118445155555556,0.797334133333332,0.09514925373134328,0.8680857646441161,0.7927288925645667
total_MICH,MICH_12H_pouch_NMC_45C_0-100_0.2-1.5C.pkl,NMC,knee_rank_spread>=0.7,0.7284,0.7284,0.6842,0.0,115,115,0,0.0,,115.0,0.9743999999999999,0.7982,0.8434782608695652,0.2592615250163863,
Stanford,Stanford_Nova_Regular_208.pkl,NMC,curv_rank_spread>=0.7,0.7283,0.3107,0.7283,0.0,629,629,0,0.0,0,629.0,1.0255917285879455,0.7971779132882755,0.7885532591414944,0.8560081808086538,0.6988949090619125
ISU_ILCC,ISU-ILCC_G41C2.pkl,NMC,knee_rank_spread>=0.7,0.7278,0.7278,0.6525,0.0,724,724,0,0.0,0,724.0,0.9981470621191858,0.7999087573979995,0.5994475138121547,0.1253303811877065,
ISU_ILCC,ISU-ILCC_G33C1.pkl,NMC,curv_rank_spread>=0.7,0.7275,0.5747,0.7275,0.0,1715,1715,0,0.0,0,1715.0,1.0123766605951463,0.7999662936100199,0.636734693877551,0.26525279458517076,0.30342750696913195
Stanford_2,Stanford_Nova_Regular_172.pkl,NMC,curv_rank_spread>=0.7,0.7275,0.3722,0.7275,0.0,578,578,0,0.0,0,578.0,1.0359096030394237,0.7974022378524145,0.3304498269896194,0.8158969588426562,0.7440527456165271
Stanford_2,Stanford_Nova_Regular_183.pkl,NMC,curv_rank_spread>=0.7,0.7275,0.2956,0.7275,0.0,573,573,0,0.0,0,573.0,1.0249889766176543,0.798787424961726,0.43455497382198954,0.8158997430433143,0.7348051592626518
ISU_ILCC,ISU-ILCC_G23C1.pkl,NMC,knee_rank_spread>=0.7,0.7267,0.7267,0.2517,0.0,499,499,0,0.0,0,499.0,1.112509511111112,0.791480444444444,0.10220440881763528,0.7958872518907162,0.9742714577660736
Stanford_2,Stanford_Nova_Regular_208.pkl,NMC,curv_rank_spread>=0.7,0.7267,0.3125,0.7267,0.0,629,629,0,0.0,0,629.0,1.0255917285879455,0.7971779132882755,0.7885532591414944,0.8560081808086538,0.6988949090619125
Tongji,Tongji1_CY45-05_1--9.pkl,NCA,knee_rank_spread>=0.7;curv_rank_spread>=0.7,0.7267,0.7235,0.7267,0.0243,436,399,37,0.084862,0,452.0,0.9553734101031593,0.8,0.8075221238938053,0.30009561079734964,0.2751211489622498
Stanford,Stanford_Nova_Regular_217.pkl,NMC,knee_rank_spread>=0.7,0.7265,0.7265,0.4142,0.0,640,640,0,0.0,0,640.0,1.0235800097386043,0.7979105537136396,0.1046875,0.8961424309045226,0.7435120536094794
Stanford_2,Stanford_Nova_Regular_217.pkl,NMC,knee_rank_spread>=0.7,0.7265,0.7265,0.4142,0.0,640,640,0,0.0,0,640.0,1.0235800097386043,0.7979105537136396,0.1046875,0.8961424309045226,0.7435120536094794
MATR,MATR_b3c24.pkl,LFP,curv_rank_spread>=0.7,0.725,0.3457,0.725,0.0,824,823,1,0.001214,0,824.0,0.9511574545454544,0.8,0.4077669902912621,0.8278473679074987,0.7304493797459428
MATR,MATR_b2c6.pkl,LFP,knee_rank_spread>=0.7,0.7247,0.7247,0.3917,0.0,510,510,0,0.0,0,510.0,0.9715809999999999,0.7998852818181817,0.050980392156862744,0.7918661937136664,0.6527350071863325
Tongji,Tongji2_CY25-05_1--10.pkl,NMC,knee_rank_spread>=0.7;observed_vs_processed_kneefrac>=0.05,0.7246,0.7246,0.4917,0.0733,249,199,50,0.200803,0,253.0,0.9106023726164506,0.8005751126024575,0.6086956521739131,0.13902119292112738,
MATR,MATR_b4c15.pkl,LFP,curv_rank_spread>=0.7,0.7225,0.5505,0.7225,0.0,675,675,0,0.0,0,675.0,0.9653680909090908,0.799575609090909,0.12296296296296297,0.8118369625907315,0.7375860552963243
Stanford_2,Stanford_Nova_Regular_270.pkl,NMC,knee_rank_spread>=0.7,0.7219,0.7219,0.2075,0.0,1252,1252,0,0.0,0,1252.0,1.0238470509648323,0.799277052283287,0.8650159744408946,0.5224922536002697,0.3002531891398836
ISU_ILCC,ISU-ILCC_G51C2.pkl,NMC,curv_rank_spread>=0.7,0.7217,0.4636,0.7217,0.0,1075,1075,0,0.0,0,1075.0,1.0154362608288854,0.7996456309079406,0.05023255813953489,0.4582933271006194,0.6153346412569729
Tongji,Tongji1_CY35-05_1--2.pkl,NCA,curv_rank_spread>=0.7,0.7217,0.4424,0.7217,0.0,384,384,0,0.0,0,401.0,0.9494373559855909,0.7948796689258201,0.32418952618453867,0.18448978057369142,0.1776283446631287
ISU_ILCC,ISU-ILCC_G50C1.pkl,NMC,knee_rank_spread>=0.7,0.721,0.721,0.0733,0.0,3158,3158,0,0.0,0,3158.0,0.9913222075031964,0.685573317206186,0.9496516782773907,0.4338476740892557,0.3554708793736364
MATR,MATR_b2c2.pkl,LFP,curv_rank_spread>=0.7,0.7208,0.1256,0.7208,0.0,437,437,0,0.0,0,437.0,0.9759446363636364,0.7993971181818181,0.6132723112128147,0.7678690937525154,0.6890144118670334
MATR,MATR_b2c30.pkl,LFP,curv_rank_spread>=0.7,0.7208,0.1348,0.7208,0.0,480,480,0,0.0,0,480.0,0.9702547272727271,0.7996864181818182,0.4666666666666667,0.7678213986599666,0.6943269116897994
Stanford_2,Stanford_Nova_Regular_177.pkl,NMC,curv_rank_spread>=0.7,0.7208,0.3781,0.7208,0.0,543,543,0,0.0,0,543.0,1.0333883265654247,0.7996047536532085,0.4548802946593002,0.8600571920375358,0.7571305468523238
MATR,MATR_b2c32.pkl,LFP,curv_rank_spread>=0.7,0.72,0.0738,0.72,0.0,518,518,0,0.0,0,518.0,0.9766062727272726,0.7986259454545453,0.528957528957529,0.7717981800896374,0.7145259421702573
ISU_ILCC,ISU-ILCC_G59C4.pkl,NMC,knee_rank_spread>=0.7,0.7185,0.7185,0.2192,0.0,2528,2528,0,0.0,0,2528.0,1.0181118265944273,0.7789638609769692,0.09651898734177215,0.8678914747789582,0.5759087115439868
NA-ion,NA-ion_270040-1-3-62.pkl,미상,curv_rank_spread>=0.7,0.7183,0.1614,0.7183,0.0327,225,175,50,0.222222,0,225.0,0.8806634,0.8115548868421051,0.06222222222222222,0.4001652707984367,0.39040276498323934
Stanford_2,Stanford_Nova_Regular_221.pkl,NMC,curv_rank_spread>=0.7,0.7183,0.2811,0.7183,0.0,596,596,0,0.0,0,596.0,1.0270781815052032,0.7984159514307976,0.7550335570469798,0.6673931739233079,0.6837777378541923
ISU_ILCC,ISU-ILCC_G34C2.pkl,NMC,curv_rank_spread>=0.7,0.7175,0.5242,0.7175,0.0,317,317,0,0.0,0,317.0,0.9887365966389562,0.7995088873575227,0.47318611987381703,0.2070320054531332,0.34934891759946946
Stanford,Stanford_Nova_Regular_221.pkl,NMC,curv_rank_spread>=0.7,0.7167,0.2811,0.7167,0.0,596,596,0,0.0,0,596.0,1.0270781815052032,0.7984159514307976,0.7550335570469798,0.6673931739233079,0.6837777378541923
MATR,MATR_b3c22.pkl,LFP,curv_rank_spread>=0.7,0.7158,0.4261,0.7158,0.0,1001,1000,1,0.000999,0,1001.0,0.9602402727272726,0.8,0.4095904095904096,0.8679712247551444,0.7629018485472157
ISU_ILCC,ISU-ILCC_G28C1.pkl,NMC,curv_rank_spread>=0.7,0.715,0.0,0.715,,562,562,0,0.0,0,562.0,0.9866067916169358,0.7997840836694856,0.5480427046263345,,
MATR,MATR_b4c22.pkl,LFP,curv_rank_spread>=0.7,0.715,0.5571,0.715,0.0,671,671,0,0.0,0,671.0,0.9550688181818181,0.7986932454545455,0.23845007451564829,0.8519797197612504,0.761707963047074
Stanford_2,Stanford_Nova_Regular_103.pkl,NMC,curv_rank_spread>=0.7,0.715,0.3784,0.715,0.0,470,470,0,0.0,0,470.0,1.0356033841768901,0.7990060374140739,0.3382978723404255,0.8079471827221213,0.7467328273497886
ZN-coin,ZN-coin_418-3_20231209234252_11_3.pkl,MnO2,curv_rank_spread>=0.7,0.715,0.1124,0.715,0.0,189,189,0,0.0,0,189.0,0.9989341764984639,0.7981590569105801,0.25396825396825395,0.43666480550902664,0.39630463422516793
MATR,MATR_b4c17.pkl,LFP,curv_rank_spread>=0.7,0.7133,0.6944,0.7133,0.0,827,827,0,0.0,0,827.0,0.9454133636363635,0.7999790272727272,0.09673518742442563,0.8519380457304662,0.7456650771387924
Stanford_2,Stanford_Nova_Regular_311.pkl,NMC,knee_rank_spread>=0.7,0.7127,0.7127,0.2967,0.0,886,886,0,0.0,0,886.0,1.0209482784072559,0.7990187654892604,0.9503386004514672,0.3780896582233969,
ISU_ILCC,ISU-ILCC_G1C4.pkl,NMC,knee_rank_spread>=0.7,0.7118,0.7118,0.1758,0.0,2485,2485,0,0.0,0,2485.0,0.9782948830554717,0.7998086130584616,0.7002012072434608,0.1968057591781847,0.46957897149441874
ISU_ILCC,ISU-ILCC_G32C1.pkl,NMC,curv_rank_spread>=0.7,0.7117,0.3177,0.7117,0.0,2012,2012,0,0.0,0,2012.0,1.011658634964474,0.7982008327050587,0.3827037773359841,0.3093886430162743,
MATR,MATR_b2c27.pkl,LFP,curv_rank_spread>=0.7,0.7117,0.6148,0.7117,0.0,467,467,0,0.0,0,467.0,0.9689463636363636,0.7994269818181818,0.05139186295503212,0.7598119075032551,0.6891283326007072
ISU_ILCC,ISU-ILCC_G3C3.pkl,NMC,knee_rank_spread>=0.7,0.7109,0.7109,0.5033,0.0,707,707,0,0.0,0,707.0,0.988017389015574,0.7969692790326768,0.751060820367751,0.22170541533693927,
CALB,CALB_35_B175.pkl,NMC,knee_rank_spread>=0.7,0.7107,0.7107,0.145,0.0,1352,1352,0,0.0,0,1352.0,1.0,0.8658155994241199,0.9489644970414202,0.5706695459546253,0.36706900263797043
RWTH,RWTH_005.pkl,NMC,knee_rank_spread>=0.7,0.7105,0.7105,0.6242,0.004,744,744,0,0.0,1,748.0,0.9708456847498387,0.7991225822248501,0.893048128342246,0.322013140569156,0.34949718253080436
MATR,MATR_b2c43.pkl,LFP,curv_rank_spread>=0.7,0.71,0.0832,0.71,0.0,461,461,0,0.0,0,461.0,0.9759678181818182,0.7985409272727272,0.5856832971800434,0.751795855633918,0.695935552080933
NA-ion,NA-ion_270040-4-3-46.pkl,미상,curv_rank_spread>=0.7,0.71,0.5084,0.71,0.0,227,227,0,0.0,0,227.0,0.902983,0.7996942,0.06167400881057269,0.7323401146702676,0.6296628583786841
ISU_ILCC,ISU-ILCC_G27C3.pkl,NMC,curv_rank_spread>=0.7,0.7092,0.0,0.7092,,500,500,0,0.0,0,500.0,1.0193811553404966,0.7982594995638211,0.076,,
Tongji,Tongji2_CY25-05_1--5.pkl,NMC,knee_rank_spread>=0.7,0.7084,0.7084,0.53,0.0,339,339,0,0.0,0,340.0,0.9170216059221535,0.7989994253758607,0.638235294117647,0.18122672184451669,
ISU_ILCC,ISU-ILCC_G32C2.pkl,NMC,curv_rank_spread>=0.7,0.7083,0.1263,0.7083,0.0,1400,1400,0,0.0,0,1400.0,1.0105488183911386,0.7995030327857856,0.06714285714285714,0.31757322325915294,0.38755936316495854
NA-ion,NA-ion_270040-2-7-12.pkl,미상,curv_rank_spread>=0.7,0.7083,0.665,0.7083,0.0,87,87,0,0.0,0,87.0,0.8388469,0.7999401,0.7816091954022989,0.29314388032114597,0.29627554811482437
CALB,CALB_0_B185.pkl,NMC,knee_rank_spread>=0.7,0.7067,0.7067,0.5467,0.0,161,161,0,0.0,0,161.0,1.0,0.8995781377711038,0.055900621118012424,0.7967477137238991,
ISU_ILCC,ISU-ILCC_G10C2.pkl,NMC,curv_rank_spread>=0.7,0.7067,0.2345,0.7067,0.0,828,828,0,0.0,0,828.0,0.9959041775434595,0.7991342948479123,0.1751207729468599,0.25768152355982815,0.24989345695977536
MATR,MATR_b2c24.pkl,LFP,curv_rank_spread>=0.7,0.7067,0.0647,0.7067,0.0,494,494,0,0.0,0,494.0,0.9708801818181817,0.7998587909090908,0.5506072874493927,0.7718196244379795,0.7050175221891959
MATR,MATR_b2c42.pkl,LFP,curv_rank_spread>=0.7,0.7067,0.0661,0.7067,0.0,465,465,0,0.0,0,465.0,0.9800217272727272,0.7983959818181817,0.5806451612903226,0.7517912141351921,0.6997082363798924
Stanford_2,Stanford_Nova_Regular_123.pkl,NMC,curv_rank_spread>=0.7,0.7058,0.464,0.7058,0.0,533,533,0,0.0,0,533.0,1.0212776561578116,0.7982582474748294,0.3602251407129456,0.8720997105603063,0.7524268058968645
total_MICH,MICH_BLForm2_pouch_NMC_45C_0-100_1-1C_b.pkl,NMC,curv_rank_spread>=0.7,0.7058,0.2229,0.7058,0.0,299,299,0,0.0,,299.0,0.9991525423728814,0.7974576271186441,0.5384615384615384,0.8282146518545906,0.718098680062065
MATR,MATR_b3c17.pkl,LFP,knee_rank_spread>=0.7,0.7053,0.7053,0.4442,0.0,1314,1313,1,0.000761,0,1314.0,0.9695012727272727,0.8,0.060882800608828,0.7795648715418799,0.7388379721429402
RWTH,RWTH_025.pkl,NMC,curv_rank_spread>=0.7,0.705,0.5572,0.705,0.008,710,710,0,0.0,1,714.0,0.9714695305603304,0.8002448675429042,0.6904761904761905,0.31804189012288336,0.31215578621675477
ISU_ILCC,ISU-ILCC_G3C1.pkl,NMC,curv_rank_spread>=0.7,0.7042,0.4536,0.7042,0.0,919,919,0,0.0,0,919.0,1.0050733940032195,0.7980715678599979,0.4809575625680087,0.2575926422099617,0.4486162653309842
MATR,MATR_b3c13.pkl,LFP,knee_rank_spread>=0.7,0.7042,0.7042,0.5825,0.0,815,814,1,0.001227,0,815.0,0.9686890909090908,0.8,0.05030674846625767,0.7716373277430095,0.7139295356399495
Stanford_2,Stanford_Nova_Regular_167.pkl,NMC,curv_rank_spread>=0.7,0.7042,0.2389,0.7042,0.0,687,687,0,0.0,0,687.0,1.018194357554118,0.7992458219329517,0.868995633187773,0.8800743162683872,0.7194454925250796
Stanford_2,Stanford_Nova_Regular_175.pkl,NMC,curv_rank_spread>=0.7,0.7042,0.6206,0.7042,0.0,558,558,0,0.0,0,558.0,1.0132551193237305,0.7996540516614914,0.1827956989247312,0.8680760432989321,0.7570637027551664
Tongji,Tongji1_CY45-05_1--27.pkl,NCA,curv_rank_spread>=0.7,0.7042,0.6431,0.7042,0.0,300,300,0,0.0,0,302.0,0.9557602765656394,0.7992637178059117,0.6655629139072847,0.27767978967686113,0.2554113569810625
Tongji,Tongji1_CY25-025_1--3.pkl,NCA,knee_rank_spread>=0.7,0.704,0.704,0.4725,,221,221,0,0.0,0,230.0,0.9160820824822512,0.792246724367483,0.10869565217391304,,0.9225154152039408
SNL,SNL_18650_NCA_25C_20-80_0.5-0.5C_d.pkl,NCA,curv_rank_spread>=0.7,0.7033,0.0646,0.7033,0.004,841,841,0,0.0,1,841.0,1.0307291666666665,0.8179166666666665,0.5719381688466112,0.783674615646604,
ISU_ILCC,ISU-ILCC_G7C2.pkl,NMC,curv_rank_spread>=0.7,0.7025,0.1701,0.7025,0.0,1155,1155,0,0.0,0,1155.0,0.9942389899123344,0.7968129508770447,0.24761904761904763,0.3859592333964194,0.31890047190352083
SNL,SNL_18650_NCA_15C_0-100_0.5-1C_a.pkl,NCA,curv_rank_spread>=0.7,0.7025,0.5217,0.7025,0.012,331,331,0,0.0,1,331.0,1.0107638888888888,0.7986111111111109,0.7552870090634441,0.5275622827126569,0.3954256679928172
ISU_ILCC,ISU-ILCC_G56C1.pkl,NMC,knee_rank_spread>=0.7,0.7014,0.7014,0.68,0.0,1210,1210,0,0.0,0,1210.0,0.9979762074271741,0.7984557378494745,0.6371900826446281,0.1850961418663566,0.1917709075604855
Stanford_2,Stanford_Nova_Regular_295.pkl,NMC,knee_rank_spread>=0.7,0.7011,0.7011,0.2958,0.0,744,744,0,0.0,0,744.0,1.015570697685083,0.7991451149185499,0.9274193548387096,0.38625317447452323,0.3486569969611169
ISU_ILCC,ISU-ILCC_G46C2.pkl,NMC,curv_rank_spread>=0.7,0.7008,0.6832,0.7008,0.0,647,647,0,0.0,0,647.0,0.9969738247815031,0.7993627303663292,0.9459041731066461,0.40644645173316357,0.39053078280078973
MATR,MATR_b4c14.pkl,LFP,curv_rank_spread>=0.7,0.7008,0.0931,0.7008,0.0,607,607,0,0.0,0,607.0,0.9644428181818181,0.7998518545454545,0.6293245469522241,0.8038412821935047,0.7394687386450202
ISU_ILCC,ISU-ILCC_G16C3.pkl,NMC,knee_rank_spread>=0.7,0.7001,0.7001,0.3,0.0,545,545,0,0.0,0,545.0,1.115062888888889,0.7990474444444444,0.9027522935779817,0.3384021022543912,0.34015810913074906
HNEI,HNEI_18650_NMC_LCO_25C_0-100_0.5-1.5C_b.pkl,블렌드,observed_vs_processed_kneefrac>=0.05,0.6808,0.4802,0.6808,0.5002,218,218,0,0.0,1,218.0,0.9385714285714287,0.7975000000000001,0.6834862385321101,0.38824627725784894,0.5384516722362439
HNEI,HNEI_18650_NMC_LCO_25C_0-100_0.5-1.5C_t.pkl,블렌드,observed_vs_processed_kneefrac>=0.05,0.675,0.3923,0.675,0.1241,234,234,0,0.0,1,234.0,0.925,0.7957142857142858,0.8034188034188035,0.6082141476613839,0.7323574617070824
SNL,SNL_18650_NCA_25C_0-100_0.5-2C_a.pkl,NCA,observed_vs_processed_kneefrac>=0.05,0.675,0.5582,0.675,0.0601,335,335,0,0.0,1,335.0,0.97375,0.7999999999999999,0.7402985074626866,0.5676261906547665,0.3348594676451916
HNEI,HNEI_18650_NMC_LCO_25C_0-100_0.5-1.5C_l.pkl,블렌드,observed_vs_processed_kneefrac>=0.05,0.6567,0.5963,0.6567,0.2642,228,228,0,0.0,1,228.0,0.9450000000000001,0.7978571428571429,0.8859649122807017,0.6522855505598166,0.44778824188945693
HNEI,HNEI_18650_NMC_LCO_25C_0-100_0.5-1.5C_f.pkl,블렌드,observed_vs_processed_kneefrac>=0.05,0.64,0.3516,0.64,0.4484,239,239,0,0.0,1,239.0,0.9435714285714286,0.7975000000000001,0.42677824267782427,0.8123462500788461,0.6283375147408236
SNL,SNL_18650_NCA_35C_0-100_0.5-2C_b.pkl,NCA,observed_vs_processed_kneefrac>=0.05,0.62,0.62,0.1992,0.1161,229,229,0,0.0,1,229.0,0.970625,0.7984375,0.9475982532751092,0.6482763160782077,0.48917271713460514
Tongji,Tongji1_CY25-025_1--2.pkl,NCA,observed_vs_processed_kneefrac>=0.05,0.5885,0.5885,0.5092,0.0967,274,234,40,0.145985,0,275.0,0.9340055829527837,0.8,0.5309090909090909,0.20631703974417545,
HNEI,HNEI_18650_NMC_LCO_25C_0-100_0.5-1.5C_a.pkl,블렌드,observed_vs_processed_kneefrac>=0.05,0.5825,0.0461,0.5825,0.0761,263,263,0,0.0,1,263.0,0.9421428571428572,0.7971428571428573,0.3041825095057034,0.6000191069415519,0.5698653865795809
NA-ion,NA-ion_270040-5-3-37.pkl,미상,observed_vs_processed_kneefrac>=0.05,0.5742,0.0875,0.5742,0.0726,256,211,45,0.175781,0,256.0,0.8979647,0.8,0.05859375,0.29973107726130654,0.298093673123756
NA-ion,NA-ion_270040-2-2-12.pkl,미상,observed_vs_processed_kneefrac>=0.05,0.5624,0.5624,0.1767,0.1485,159,128,31,0.194969,0,159.0,0.8609242,0.8,0.49056603773584906,0.37331310641256593,0.19437352225706353
RWTH,RWTH_010.pkl,NMC,observed_vs_processed_kneefrac>=0.05,0.55,0.45,0.55,0.0723,700,700,0,0.0,1,704.0,0.9644718561166822,0.8005366414742937,0.4190340909090909,0.22171011306532665,0.27751340811614916
SNL,SNL_18650_NCA_35C_0-100_0.5-1C_b.pkl,NCA,observed_vs_processed_kneefrac>=0.05,0.3125,0.2337,0.3125,0.2485,338,338,0,0.0,1,338.0,0.9853124999999999,0.8234374999999999,0.0650887573964497,0.5275326335821118,0.42577748586677194
Tongji,Tongji2_CY25-05_1--2.pkl,NMC,observed_vs_processed_kneefrac>=0.05,0.2733,0.2154,0.2733,0.1,222,189,33,0.148649,0,223.0,0.9265254772714755,0.8,0.672645739910314,0.6738062509858711,
